Time,Port Aileron,Starboard Aileron,Port Flap,Starboard Flap,Elevator,Rudder,Roll,Pitch,Yaw
1732897826.57713,0,0,0,0,0,0,,,
1732897826.659093,0,0,0,0,0,0,,,
1732897826.7095091,0,0,0,0,0,0,,,
1732897826.760159,0,0,0,0,0,0,,,
1732897826.811141,0,0,0,0,0,0,,,
1732897826.861674,0,0,0,0,0,0,,,
1732897826.912987,0,0,0,0,0,0,,,
1732897826.964046,0,0,0,0,0,0,,,
1732897827.020566,0,0,0,0,0,0,,,
1732897827.071091,0,0,0,0,0,0,,,
1732897827.122262,0,0,0,0,0,0,,,
1732897827.173007,0,0,0,0,0,0,,,
1732897827.223943,0,0,0,0,0,0,,,
1732897827.275299,0,0,0,0,0,0,,,
1732897827.32668,0,0,0,0,0,0,,,
1732897827.377493,0,0,0,0,0,0,,,
1732897827.428331,0,0,0,0,0,0,,,
1732897827.479775,0,0,0,0,0,0,,,
1732897827.5315971,0,0,0,0,0,0,,,
1732897827.5825799,0,0,0,0,0,0,,,
1732897827.6341481,0,0,0,0,0,0,,,
1732897827.686283,0,0,0,0,0,0,,,
1732897827.7380228,0,0,0,0,0,0,,,
1732897827.790588,0,0,0,0,0,0,,,
1732897827.8416698,0,0,0,0,0,0,,,
1732897827.8930151,0,0,0,0,0,0,,,
1732897827.944438,0,0,0,0,0,0,,,
1732897827.9959219,0,0,0,0,0,0,,,
1732897828.046874,0,0,0,0,0,0,,,
1732897828.09786,0,0,0,0,0,0,,,
1732897828.148961,0,0,0,0,0,0,,,
1732897828.19995,0,0,0,0,0,0,,,
1732897828.2512891,0,0,0,0,0,0,,,
1732897828.3023858,0,0,0,0,0,0,,,
1732897828.353649,0,0,0,0,0,0,,,
1732897828.4040809,0,0,0,0,0,0,,,
1732897828.454771,0,0,0,0,0,0,,,
1732897828.5062761,0,0,0,0,0,0,,,
1732897828.557338,0,0,0,0,0,0,,,
1732897828.609169,0,0,0,0,0,0,,,
1732897828.660898,0,0,0,0,0,0,,,
1732897828.711744,0,0,0,0,0,0,,,
1732897828.763205,0,0,0,0,0,0,,,
1732897828.815093,0,0,0,0,0,0,,,
1732897828.866239,0,0,0,0,0,0,,,
1732897828.91806,0,0,0,0,0,0,,,
1732897828.9692411,0,0,0,0,0,0,,,
1732897829.021255,0,0,0,0,0,0,,,
1732897829.073198,0,0,0,0,0,0,,,
1732897829.1243432,0,0,0,0,0,0,,,
1732897829.175576,0,0,0,0,0,0,,,
1732897829.2269282,0,0,0,0,0,0,,,
1732897829.277785,0,0,0,0,0,0,,,
1732897829.329238,0,0,0,0,0,0,,,
1732897829.380648,0,0,0,0,0,0,,,
1732897829.431953,0,0,0,0,0,0,,,
1732897829.4831219,0,0,0,0,0,0,,,
1732897829.533887,0,0,0,0,0,0,,,
1732897829.585172,0,0,0,0,0,0,,,
1732897829.636208,0,0,0,0,0,0,,,
1732897829.687314,0,0,0,0,0,0,,,
1732897829.7384682,0,0,0,0,0,0,,,
1732897829.790159,0,0,0,0,0,0,,,
1732897829.8410969,0,0,0,0,0,0,,,
1732897829.892072,0,0,0,0,0,0,,,
1732897829.943337,0,0,0,0,0,0,,,
1732897829.995209,0,0,0,0,0,0,,,
1732897830.046495,0,0,0,0,0,0,,,
1732897830.09824,0,0,0,0,0,0,,,
1732897830.149489,0,0,0,0,0,0,,,
1732897830.200547,0,0,0,0,0,0,,,
1732897830.25248,0,0,0,0,0,0,,,
1732897830.3046799,0,0,0,0,0,0,,,
1732897830.356734,0,0,0,0,0,0,,,
1732897830.408004,0,0,0,0,0,0,,,
1732897830.459405,0,0,0,0,0,0,,,
1732897830.5117629,0,0,0,0,0,0,,,
1732897830.564053,0,0,0,0,0,0,,,
1732897830.616548,0,0,0,0,0,0,,,
1732897830.6687732,0,0,0,0,0,0,,,
1732897830.720299,0,0,0,0,0,0,,,
1732897830.7724211,0,0,0,0,0,0,,,
1732897830.8241742,0,0,0,0,0,0,,,
1732897830.876725,0,0,0,0,0,0,,,
1732897830.929376,0,0,0,0,0,0,,,
1732897830.9817119,0,0,0,0,0,0,,,
1732897831.033354,0,0,0,0,0,0,,,
1732897831.085545,0,0,0,0,0,0,,,
1732897831.136936,0,0,0,0,0,0,,,
1732897831.188999,0,0,0,0,0,0,,,
1732897831.240179,0,0,0,0,0,0,,,
1732897831.291801,0,0,0,0,0,0,,,
1732897831.3444328,0,0,0,0,0,0,,,
1732897831.395456,0,0,0,0,0,0,,,
1732897831.447684,0,0,0,0,0,0,,,
1732897831.500115,0,0,0,0,0,0,,,
1732897831.551766,0,0,0,0,0,0,,,
1732897831.602572,0,0,0,0,0,0,,,
1732897831.6541078,0,0,0,0,0,0,,,
1732897831.705529,0,0,0,0,0,0,,,
1732897831.756366,0,0,0,0,0,0,,,
1732897831.807769,0,0,0,0,0,0,,,
1732897831.8588119,0,0,0,0,0,0,,,
1732897831.91017,0,0,0,0,0,0,,,
1732897831.961177,0,0,0,0,0,0,,,
1732897832.012445,0,0,0,0,0,0,,,
1732897832.06307,0,0,0,0,0,0,,,
1732897832.113884,0,0,0,0,0,0,,,
1732897832.16474,0,0,0,0,0,0,,,
1732897832.2170281,0,0,0,0,0,0,,,
1732897832.268181,0,0,0,0,0,0,,,
1732897832.319492,0,0,0,0,0,0,,,
1732897832.370451,0,0,0,0,0,0,,,
1732897832.421671,0,0,0,0,0,0,,,
1732897832.47321,0,0,0,0,0,0,,,
1732897832.5239801,0,0,0,0,0,0,,,
1732897832.5752041,0,0,0,0,0,0,,,
1732897832.627163,0,0,0,0,0,0,,,
1732897832.6787798,0,0,0,0,0,0,,,
1732897832.73079,0,0,0,0,0,0,,,
1732897832.782217,0,0,0,0,0,0,,,
1732897832.833874,0,0,0,0,0,0,,,
1732897832.886179,0,0,0,0,0,0,,,
1732897832.937618,0,0,0,0,0,0,,,
1732897832.989721,0,0,0,0,0,0,,,
1732897833.041383,0,0,0,0,0,0,,,
1732897833.0927732,0,0,0,0,0,0,,,
1732897833.144396,0,0,0,0,0,0,,,
1732897833.195819,0,0,0,0,0,0,,,
1732897833.247823,0,0,0,0,0,0,,,
1732897833.29926,0,0,0,0,0,0,,,
1732897833.351686,0,0,0,0,0,0,,,
1732897833.4028769,0,0,0,0,0,0,,,
1732897833.455123,0,0,0,0,0,0,,,
1732897833.5069382,0,0,0,0,0,0,,,
1732897833.5582452,0,0,0,0,0,0,,,
1732897833.6100202,0,0,0,0,0,0,,,
1732897833.662064,0,0,0,0,0,0,,,
1732897833.713174,0,0,0,0,0,0,,,
1732897833.764695,0,0,0,0,0,0,,,
1732897833.8164868,0,0,0,0,0,0,,,
1732897833.868072,0,0,0,0,0,0,,,
1732897833.920309,0,0,0,0,0,0,,,
1732897833.971515,0,0,0,0,0,0,,,
1732897834.023618,0,0,0,0,0,0,,,
1732897834.075072,0,0,0,0,0,0,,,
1732897834.126412,0,0,0,0,0,0,,,
1732897834.178293,0,0,0,0,0,0,,,
1732897834.229151,0,0,0,0,0,0,,,
1732897834.281182,0,0,0,0,0,0,,,
1732897834.333143,0,0,0,0,0,0,,,
1732897834.385198,0,0,0,0,0,0,,,
1732897834.437248,0,0,0,0,0,0,,,
1732897834.4886332,0,0,0,0,0,0,,,
1732897834.540514,0,0,0,0,0,0,,,
1732897834.591895,0,0,0,0,0,0,,,
1732897834.64333,0,0,0,0,0,-5,,,
1732897834.696577,0,0,0,0,0,-40,,,
1732897834.7475772,0,0,0,0,0,-40,,,
1732897834.7987578,0,0,0,0,0,-40,,,
1732897834.850357,0,0,0,0,0,-40,,,
1732897834.901685,0,0,0,0,0,-40,,,
1732897834.952752,0,0,0,0,0,2,,,
1732897835.0033128,0,0,0,0,0,40,,,
1732897835.054179,0,0,0,0,0,40,,,
1732897835.105348,0,0,0,0,0,40,,,
1732897835.156466,0,0,0,0,0,40,,,
1732897835.2084339,0,0,0,0,0,40,,,
1732897835.259723,0,0,0,0,0,40,,,
1732897835.31926,0,0,0,0,0,38,,,
1732897835.370015,0,0,0,0,0,20,,,
1732897835.421283,0,0,0,0,0,12,,,
1732897835.47206,0,0,0,0,0,12,,,
1732897835.5234072,0,0,0,0,0,15,,,
1732897835.574487,0,0,0,0,0,26,,,
1732897835.626179,0,0,0,0,0,31,,,
1732897835.68166,0,0,0,0,0,26,,,
1732897835.732459,0,0,0,0,0,21,,,
1732897835.783194,0,0,0,0,0,21,,,
1732897835.8349628,0,0,0,0,0,21,,,
1732897835.886837,0,0,0,0,0,21,,,
1732897835.938654,0,0,0,0,0,21,,,
1732897835.990575,0,0,0,0,0,21,,,
1732897836.0429618,0,0,0,0,0,21,,,
1732897836.095594,0,0,0,0,0,21,,,
1732897836.148009,0,0,0,0,0,21,,,
1732897836.2001479,0,0,0,0,0,21,,,
1732897836.252477,0,0,0,0,0,21,,,
1732897836.305253,0,0,0,0,0,21,,,
1732897836.358123,0,0,0,0,0,21,,,
1732897836.410662,0,0,0,0,0,21,,,
1732897836.4648662,0,0,0,0,0,21,,,
1732897836.517428,0,0,0,0,0,21,,,
1732897836.570055,0,0,0,0,0,21,,,
1732897836.6223161,0,0,0,0,0,21,,,
1732897836.674519,0,0,0,0,0,21,,,
1732897836.726819,0,0,0,0,0,21,,,
1732897836.7790878,0,0,0,0,0,21,,,
1732897836.831717,0,0,0,0,0,21,,,
1732897836.883662,0,0,0,0,0,21,,,
1732897836.935637,0,0,0,0,0,21,,,
1732897836.987285,0,0,0,0,0,21,,,
1732897837.0387468,0,0,0,0,0,21,,,
1732897837.090333,0,0,0,0,0,21,,,
1732897837.141875,0,0,0,0,0,21,,,
1732897837.19249,0,0,0,0,0,21,,,
1732897837.244181,0,0,0,0,0,21,,,
1732897837.296418,0,0,0,0,0,21,,,
1732897837.348701,0,0,0,0,0,21,,,
1732897837.400924,0,0,0,0,0,21,,,
1732897837.45314,0,0,0,0,0,21,,,
1732897837.505362,0,0,0,0,0,21,,,
1732897837.557539,0,0,0,0,0,21,,,
1732897837.60983,0,0,0,0,0,21,,,
1732897837.662234,0,0,0,0,0,21,,,
1732897837.714699,0,0,0,0,0,21,,,
1732897837.766131,0,0,0,0,0,21,,,
1732897837.818296,0,0,0,0,0,21,,,
1732897837.8706439,0,0,0,0,0,21,,,
1732897837.9231648,0,0,0,0,0,21,,,
1732897837.9755871,0,0,0,0,0,21,,,
1732897838.027804,0,0,0,0,0,21,,,
1732897838.07979,0,0,0,0,0,21,,,
1732897838.132192,0,0,0,0,0,21,,,
1732897838.184688,0,0,0,0,0,21,,,
1732897838.2370749,0,0,0,0,0,21,,,
1732897838.2894561,0,0,0,0,0,21,,,
1732897838.341577,0,0,0,0,0,21,,,
1732897838.393666,0,0,0,0,0,21,,,
1732897838.4460611,0,0,0,0,0,21,,,
1732897838.4988291,0,0,0,0,0,21,,,
1732897838.550694,0,0,0,0,0,21,,,
1732897838.6026611,0,0,0,0,0,21,,,
1732897838.655329,0,0,0,0,0,21,,,
1732897838.7078059,0,0,0,0,0,21,,,
1732897838.760324,0,0,0,0,0,21,,,
1732897838.812932,0,0,0,0,0,21,,,
1732897838.8658571,0,0,0,0,0,21,,,
1732897838.91852,0,0,0,0,0,21,,,
1732897838.971475,0,0,0,0,0,21,,,
1732897839.023971,0,0,0,0,0,21,,,
1732897839.076403,0,0,0,0,0,21,,,
1732897839.128453,0,0,0,0,0,21,,,
1732897839.181068,0,0,0,0,0,21,,,
1732897839.233867,0,0,0,0,0,21,,,
1732897839.286496,0,0,0,0,0,21,,,
1732897839.3390331,0,0,0,0,0,21,,,
1732897839.3919559,0,0,0,0,0,21,,,
1732897839.444625,0,0,0,0,0,21,,,
1732897839.49649,0,0,0,0,0,21,,,
1732897839.549264,0,0,0,0,0,21,,,
1732897839.6020422,0,0,0,0,0,21,,,
1732897839.654753,0,0,0,0,0,21,,,
1732897839.707068,0,0,0,0,0,21,,,
1732897839.7596009,0,0,0,0,0,21,,,
1732897839.8119879,0,0,0,0,0,21,,,
1732897839.8646982,0,0,0,0,0,21,,,
1732897839.9170759,0,0,0,0,0,21,,,
1732897839.969873,0,0,0,0,0,21,,,
1732897840.0225558,0,0,0,0,0,21,,,
1732897840.075103,0,0,0,0,0,21,,,
1732897840.127815,0,0,0,0,0,21,,,
1732897840.1796658,0,0,0,0,0,21,,,
1732897840.2319329,0,0,0,0,0,21,,,
1732897840.2843451,0,0,0,0,0,21,,,
1732897840.3369331,0,0,0,0,0,21,,,
1732897840.389816,0,0,0,0,0,21,,,
1732897840.442554,0,0,0,0,0,21,,,
1732897840.4951968,0,0,0,0,0,21,,,
1732897840.547981,0,0,0,0,0,21,,,
1732897840.600438,0,0,0,0,0,21,,,
1732897840.652181,0,0,0,0,0,21,,,
1732897840.7036731,0,0,0,0,0,21,,,
1732897840.755172,0,0,0,0,0,21,,,
1732897840.8071208,0,0,0,0,0,21,,,
1732897840.858525,0,0,0,0,0,21,,,
1732897840.910797,0,0,0,0,0,21,,,
1732897840.962983,0,0,0,0,0,21,,,
1732897841.014512,0,0,0,0,0,21,,,
1732897841.0668118,0,0,0,0,0,21,,,
1732897841.119148,0,0,0,0,0,21,,,
1732897841.171434,0,0,0,0,0,21,,,
1732897841.223507,0,0,0,0,0,21,,,
1732897841.2755132,0,0,0,0,0,21,,,
1732897841.3280482,0,0,0,0,0,21,,,
1732897841.380432,0,0,0,0,0,21,,,
1732897841.4326642,0,0,0,0,0,21,,,
1732897841.484852,0,0,0,0,0,21,,,
1732897841.537183,0,0,0,0,0,21,,,
1732897841.589522,0,0,0,0,0,21,,,
1732897841.641682,0,0,0,0,0,21,,,
1732897841.693942,0,0,0,0,0,21,,,
1732897841.746261,0,0,0,0,0,21,,,
1732897841.798559,0,0,0,0,0,21,,,
1732897841.850671,0,0,0,0,0,21,,,
1732897841.90293,0,0,0,0,0,21,,,
1732897841.95519,0,0,0,0,0,21,,,
1732897842.007554,0,0,0,0,0,21,,,
1732897842.059937,0,0,0,0,0,21,,,
1732897842.1121678,0,0,0,0,0,21,,,
1732897842.164433,0,0,0,0,0,21,,,
1732897842.216735,0,0,0,0,0,21,,,
1732897842.2689312,0,0,0,0,0,21,,,
1732897842.321166,0,0,0,0,0,21,,,
1732897842.373493,0,0,0,0,0,21,,,
1732897842.425359,0,0,0,0,0,21,,,
1732897842.4776719,0,0,0,0,0,21,,,
1732897842.530158,0,0,0,0,0,21,,,
1732897842.582326,0,0,0,0,0,21,,,
1732897842.634496,0,0,0,0,0,21,,,
1732897842.6866229,0,0,0,0,0,21,,,
1732897842.738965,0,0,0,0,0,21,,,
1732897842.791222,0,0,0,0,0,21,,,
1732897842.84346,0,0,0,0,0,21,,,
1732897842.8956742,0,0,0,0,0,21,,,
1732897842.9480362,0,0,0,0,0,21,,,
1732897843.00041,0,0,0,0,0,21,,,
1732897843.052486,0,0,0,0,0,21,,,
1732897843.1048388,0,0,0,0,0,21,,,
1732897843.156445,0,0,0,0,0,21,,,
1732897843.208756,0,0,0,0,0,21,,,
1732897843.2610319,0,0,0,0,0,21,,,
1732897843.313386,0,0,0,0,0,21,,,
1732897843.3656168,0,0,0,0,0,21,,,
1732897843.4178839,0,0,0,0,0,21,,,
1732897843.470169,0,0,0,0,0,21,,,
1732897843.522462,0,0,0,0,0,21,,,
1732897843.5747352,0,0,0,0,0,21,,,
1732897843.6264,0,0,0,0,0,21,,,
1732897843.6786728,0,0,0,0,0,21,,,
1732897843.730765,0,0,0,0,0,21,,,
1732897843.783066,0,0,0,0,0,21,,,
1732897843.8350022,0,0,0,0,0,21,,,
1732897843.887267,0,0,0,0,0,21,,,
1732897843.93952,0,0,0,0,0,21,,,
1732897843.991861,0,0,0,0,0,21,,,
1732897844.043514,0,0,0,0,0,21,,,
1732897844.095256,0,0,0,0,0,21,,,
1732897844.1472268,0,0,0,0,0,21,,,
1732897844.199699,0,0,0,0,0,21,,,
1732897844.2522838,0,0,0,0,0,21,,,
1732897844.304749,0,0,0,0,0,21,,,
1732897844.356492,0,0,0,0,0,21,,,
1732897844.4091609,0,0,0,0,0,21,,,
1732897844.461805,0,0,0,0,0,21,,,
1732897844.5145159,0,0,0,0,0,21,,,
1732897844.567219,0,0,0,0,0,21,,,
1732897844.620095,0,0,0,0,0,21,,,
1732897844.6728268,0,0,0,0,0,21,,,
1732897844.725499,0,0,0,0,0,21,,,
1732897844.777537,0,0,0,0,0,21,,,
1732897844.83043,0,0,0,0,0,21,,,
1732897844.8830929,0,0,0,0,0,21,,,
1732897844.93581,0,0,0,0,0,21,,,
1732897844.988436,0,0,0,0,0,21,,,
1732897845.040589,0,0,0,0,0,21,,,
1732897845.093353,0,0,0,0,0,21,,,
1732897845.1460679,0,0,0,0,0,21,,,
1732897845.198957,0,0,0,0,0,21,,,
1732897845.251182,0,0,0,0,0,21,,,
1732897845.303926,0,0,0,0,0,21,,,
1732897845.3564422,0,0,0,0,0,21,,,
1732897845.4092531,0,0,0,0,0,21,,,
1732897845.462053,0,0,0,0,0,21,,,
1732897845.514805,0,0,0,0,0,21,,,
1732897845.567322,0,0,0,0,0,21,,,
1732897845.620167,0,0,0,0,0,21,,,
1732897845.6726642,0,0,0,0,0,21,,,
1732897845.7252018,0,0,0,0,0,21,,,
1732897845.777807,0,0,0,0,0,21,,,
1732897845.829746,0,0,0,0,0,21,,,
1732897845.88253,0,0,0,0,0,21,,,
1732897845.935157,0,0,0,0,0,21,,,
1732897845.987417,0,0,0,0,0,21,,,
1732897846.0391119,0,0,0,0,0,21,,,
1732897846.091906,0,0,0,0,0,21,,,
1732897846.1441522,0,0,0,0,0,21,,,
1732897846.19689,0,0,0,0,0,21,,,
1732897846.249086,0,0,0,0,0,21,,,
1732897846.301892,0,0,0,0,0,21,,,
1732897846.3545978,0,0,0,0,0,21,,,
1732897846.407478,0,0,0,0,0,21,,,
1732897846.460184,0,0,0,0,0,21,,,
1732897846.512647,0,0,0,0,0,21,,,
1732897846.5649102,0,0,0,0,0,21,,,
1732897846.61776,0,0,0,0,0,21,,,
1732897846.66946,0,0,0,0,0,21,,,
1732897846.7220852,0,0,0,0,0,21,,,
1732897846.774732,0,0,0,0,0,21,,,
1732897846.8274481,0,0,0,0,0,21,,,
1732897846.880034,0,0,0,0,0,21,,,
1732897846.932765,0,0,0,0,0,21,,,
1732897846.985255,0,0,0,0,0,21,,,
1732897847.037911,0,0,0,0,0,21,,,
1732897847.089843,0,0,0,0,0,21,,,
1732897847.141518,0,0,0,0,0,21,,,
1732897847.19312,0,0,0,0,0,21,,,
1732897847.244544,0,0,0,0,0,21,,,
1732897847.296715,0,0,0,0,0,21,,,
1732897847.349045,0,0,0,0,0,21,,,
1732897847.401429,0,0,0,0,0,21,,,
1732897847.4532878,0,0,0,0,0,21,,,
1732897847.505551,0,0,0,0,0,21,,,
1732897847.557888,0,0,0,0,0,21,,,
1732897847.610262,0,0,0,0,0,21,,,
1732897847.662525,0,0,0,0,0,21,,,
1732897847.7147279,0,0,0,0,0,21,,,
1732897847.767016,0,0,0,0,0,21,,,
1732897847.819278,0,0,0,0,0,21,,,
1732897847.871225,0,0,0,0,0,21,,,
1732897847.9235,0,0,0,0,0,21,,,
1732897847.975893,0,0,0,0,0,21,,,
1732897848.028245,0,0,0,0,0,21,,,
1732897848.080437,0,0,0,0,0,21,,,
1732897848.132708,0,0,0,0,0,21,,,
1732897848.184926,0,0,0,0,0,21,,,
1732897848.237221,0,0,0,0,0,21,,,
1732897848.288438,0,0,0,0,0,21,,,
1732897848.3405728,0,0,0,0,0,21,,,
1732897848.3928761,0,0,0,0,0,21,,,
1732897848.44524,0,0,0,0,0,21,,,
1732897848.4975429,0,0,0,0,0,21,,,
1732897848.549783,0,0,0,0,0,21,,,
1732897848.602154,0,0,0,0,0,21,,,
1732897848.654049,0,0,0,0,0,21,,,
1732897848.706347,0,0,0,0,0,21,,,
1732897848.758207,0,0,0,0,0,21,,,
1732897848.810642,0,0,0,0,0,21,,,
1732897848.8624809,0,0,0,0,0,21,,,
1732897848.9147992,0,0,0,0,0,21,,,
1732897848.967136,0,0,0,0,0,21,,,
1732897849.019559,0,0,0,0,0,21,,,
1732897849.071796,0,0,0,0,0,21,,,
1732897849.124083,0,0,0,0,0,21,,,
1732897849.1763399,0,0,0,0,0,21,,,
1732897849.22867,0,0,0,0,0,21,,,
1732897849.28091,0,0,0,0,0,21,,,
1732897849.33305,0,0,0,0,0,21,,,
1732897849.38516,0,0,0,0,0,21,,,
1732897849.4374359,0,0,0,0,0,21,,,
1732897849.489502,0,0,0,0,0,21,,,
1732897849.5417888,0,0,0,0,0,21,,,
1732897849.5941188,0,0,0,0,0,21,,,
1732897849.64644,0,0,0,0,0,21,,,
1732897849.698421,0,0,0,0,0,21,,,
1732897849.7506208,0,0,0,0,0,21,,,
1732897849.802846,0,0,0,0,0,21,,,
1732897849.855134,0,0,0,0,0,21,,,
1732897849.9070258,0,0,0,0,0,21,,,
1732897849.959334,0,0,0,0,0,21,,,
1732897850.011729,0,0,0,0,0,21,,,
1732897850.062878,0,0,0,0,0,21,,,
1732897850.1151302,0,0,0,0,0,21,,,
1732897850.16752,0,0,0,0,0,21,,,
1732897850.219861,0,0,0,0,0,21,,,
1732897850.271901,0,0,0,0,0,21,,,
1732897850.324252,0,0,0,0,0,21,,,
1732897850.376605,0,0,0,0,0,21,,,
1732897850.428969,0,0,0,0,0,21,,,
1732897850.48132,0,0,0,0,0,21,,,
1732897850.533706,0,0,0,0,0,21,,,
1732897850.5849721,0,0,0,0,0,21,,,
1732897850.637378,0,0,0,0,0,21,,,
1732897850.689732,0,0,0,0,0,21,,,
1732897850.742141,0,0,0,0,0,21,,,
1732897850.7944698,0,0,0,0,0,21,,,
1732897850.846855,0,0,0,0,0,21,,,
1732897850.899275,0,0,0,0,0,21,,,
1732897850.951954,0,0,0,0,0,21,,,
1732897851.004085,0,0,0,0,0,21,,,
1732897851.056318,0,0,0,0,0,21,,,
1732897851.108546,0,0,0,0,0,21,,,
1732897851.1608121,0,0,0,0,0,21,,,
1732897851.212964,0,0,0,0,0,21,,,
1732897851.264377,0,0,0,0,0,21,,,
1732897851.316399,0,0,0,0,0,21,,,
1732897851.3685791,0,0,0,0,0,21,,,
1732897851.419876,0,0,0,0,0,21,,,
1732897851.471,0,0,0,0,0,21,,,
1732897851.5232189,0,0,0,0,0,21,,,
1732897851.575495,0,0,0,0,0,21,,,
1732897851.627797,0,0,0,0,0,21,,,
1732897851.679938,0,0,0,0,0,21,,,
1732897851.732167,0,0,0,0,0,21,,,
1732897851.7842638,0,0,0,0,0,21,,,
1732897851.8355432,0,0,0,0,0,21,,,
1732897851.887444,0,0,0,0,0,21,,,
1732897851.939619,0,0,0,0,0,21,,,
1732897851.991599,0,0,0,0,0,21,,,
1732897852.043843,0,0,0,0,0,21,,,
1732897852.095798,0,0,0,0,0,21,,,
1732897852.1479301,0,0,0,0,0,21,,,
1732897852.2000031,0,0,0,0,0,21,,,
1732897852.2521799,0,0,0,0,0,21,,,
1732897852.304209,0,0,0,0,0,21,,,
1732897852.356071,0,0,0,0,0,21,,,
1732897852.408074,0,0,0,0,0,21,,,
1732897852.459595,0,0,0,0,0,21,,,
1732897852.511481,0,0,0,0,0,21,,,
1732897852.563732,0,0,0,0,0,21,,,
1732897852.615996,0,0,0,0,0,21,,,
1732897852.668136,0,0,0,0,0,21,,,
1732897852.720033,0,0,0,0,0,21,,,
1732897852.771806,0,0,0,0,0,21,,,
1732897852.824003,0,0,0,0,0,21,,,
1732897852.876204,0,0,0,0,0,21,,,
1732897852.927534,0,0,0,0,0,21,,,
1732897852.979715,0,0,0,0,0,21,,,
1732897853.0318751,0,0,0,0,0,21,,,
1732897853.083363,0,0,0,0,0,21,,,
1732897853.135516,0,0,0,0,0,21,,,
1732897853.187648,0,0,0,0,0,21,,,
1732897853.2398221,0,0,0,0,0,21,,,
1732897853.291893,0,0,0,0,0,21,,,
1732897853.344099,0,0,0,0,0,21,,,
1732897853.395755,0,0,0,0,0,21,,,
1732897853.4478972,0,0,0,0,0,21,,,
1732897853.499784,0,0,0,0,0,21,,,
1732897853.5520372,0,0,0,0,0,21,,,
1732897853.6042,0,0,0,0,0,21,,,
1732897853.656404,0,0,0,0,0,21,,,
1732897853.70842,0,0,0,0,0,21,,,
1732897853.760607,0,0,0,0,0,21,,,
1732897853.812774,0,0,0,0,0,21,,,
1732897853.86495,0,0,0,0,0,21,,,
1732897853.9169862,0,0,0,0,0,21,,,
1732897853.9691808,0,0,0,0,0,21,,,
1732897854.021376,0,0,0,0,0,21,,,
1732897854.0734851,0,0,0,0,0,21,,,
1732897854.125705,0,0,0,0,0,21,,,
1732897854.177908,0,0,0,0,0,21,,,
1732897854.230138,0,0,0,0,0,21,,,
1732897854.282217,0,0,0,0,0,21,,,
1732897854.334208,0,0,0,0,0,21,,,
1732897854.3864052,0,0,0,0,0,21,,,
1732897854.438425,0,0,0,0,0,21,,,
1732897854.489274,0,0,0,0,0,21,,,
1732897854.541336,0,0,0,0,0,21,,,
1732897854.5935118,0,0,0,0,0,21,,,
1732897854.6457028,0,0,0,0,0,21,,,
1732897854.697758,0,0,0,0,0,21,,,
1732897854.749768,0,0,0,0,0,21,,,
1732897854.8019269,0,0,0,0,0,21,,,
1732897854.853428,0,0,0,0,0,21,,,
1732897854.9053922,0,0,0,0,0,21,,,
1732897854.9573781,0,0,0,0,0,21,,,
1732897855.0094268,0,0,0,0,0,21,,,
1732897855.061589,0,0,0,0,0,21,,,
1732897855.113031,0,0,0,0,0,21,,,
1732897855.1651661,0,0,0,0,0,21,,,
1732897855.217203,0,0,0,0,0,21,,,
1732897855.269301,0,0,0,0,0,21,,,
1732897855.321341,0,0,0,0,0,21,,,
1732897855.373535,0,0,0,0,0,21,,,
1732897855.4257169,0,0,0,0,0,21,,,
1732897855.477887,0,0,0,0,0,21,,,
1732897855.53,0,0,0,0,0,21,,,
1732897855.58221,0,0,0,0,0,21,,,
1732897855.634441,0,0,0,0,0,21,,,
1732897855.6865458,0,0,0,0,0,21,,,
1732897855.7378728,0,0,0,0,0,21,,,
1732897855.7901099,0,0,0,0,0,21,,,
1732897855.842303,0,0,0,0,0,21,,,
1732897855.894464,0,0,0,0,0,21,,,
1732897855.946476,0,0,0,0,0,21,,,
1732897855.998539,0,0,0,0,0,21,,,
1732897856.050805,0,0,0,0,0,21,,,
1732897856.102446,0,0,0,0,0,21,,,
1732897856.154387,0,0,0,0,0,21,,,
1732897856.206474,0,0,0,0,0,21,,,
1732897856.2578402,0,0,0,0,0,21,,,
1732897856.30991,0,0,0,0,0,21,,,
1732897856.3620439,0,0,0,0,0,21,,,
1732897856.413415,0,0,0,0,0,21,,,
1732897856.4656289,0,0,0,0,0,21,,,
1732897856.517854,0,0,0,0,0,21,,,
1732897856.5700202,0,0,0,0,0,21,,,
1732897856.6221151,0,0,0,0,0,21,,,
1732897856.6743522,0,0,0,0,0,21,,,
1732897856.7264378,0,0,0,0,0,21,,,
1732897856.778568,0,0,0,0,0,21,,,
1732897856.830751,0,0,0,0,0,21,,,
1732897856.882988,0,0,0,0,0,21,,,
1732897856.9351099,0,0,0,0,0,21,,,
1732897856.98896,0,0,0,0,0,21,,,
1732897857.0403259,0,0,0,0,0,21,,,
1732897857.0925472,0,0,0,0,0,21,,,
1732897857.1446168,0,0,0,0,0,21,,,
1732897857.196767,0,0,0,0,0,21,,,
1732897857.248843,0,0,0,0,0,21,,,
1732897857.3004532,0,0,0,0,0,21,,,
1732897857.351995,0,0,0,0,0,21,,,
1732897857.403548,0,0,0,0,0,21,,,
1732897857.455476,0,0,0,0,0,21,,,
1732897857.506816,0,0,0,0,0,21,,,
1732897857.5587761,0,0,0,0,0,21,,,
1732897857.611008,0,0,0,0,0,21,,,
1732897857.662922,0,0,0,0,0,21,,,
1732897857.71489,0,0,0,0,0,21,,,
1732897857.767083,0,0,0,0,0,21,,,
1732897857.819236,0,0,0,0,0,21,,,
1732897857.871433,0,0,0,0,0,21,,,
1732897857.9235232,0,0,0,0,0,21,,,
1732897857.9752069,0,0,0,0,0,21,,,
1732897858.026999,0,0,0,0,0,21,,,
1732897858.0791712,0,0,0,0,0,21,,,
1732897858.130715,0,0,0,0,0,21,,,
1732897858.182836,0,0,0,0,0,21,,,
1732897858.235085,0,0,0,0,0,21,,,
1732897858.287248,0,0,0,0,0,21,,,
1732897858.3392708,0,0,0,0,0,21,,,
1732897858.391222,0,0,0,0,0,21,,,
1732897858.44321,0,0,0,0,0,21,,,
1732897858.49543,0,0,0,0,0,21,,,
1732897858.547452,0,0,0,0,0,21,,,
1732897858.5997639,0,0,0,0,0,21,,,
1732897858.652025,0,0,0,0,0,21,,,
1732897858.7042959,0,0,0,0,0,21,,,
1732897858.756377,0,0,0,0,0,21,,,
1732897858.808653,0,0,0,0,0,21,,,
1732897858.860959,0,0,0,0,0,21,,,
1732897858.912231,0,0,0,0,0,21,,,
1732897858.9643142,0,0,0,0,0,21,,,
1732897859.0164769,0,0,0,0,0,21,,,
1732897859.068714,0,0,0,0,0,21,,,
1732897859.120509,0,0,0,0,0,21,,,
1732897859.17277,0,0,0,0,0,21,,,
1732897859.224982,0,0,0,0,0,21,,,
1732897859.277208,0,0,0,0,0,21,,,
1732897859.329341,0,0,0,0,0,21,,,
1732897859.3814762,0,0,0,0,0,21,,,
1732897859.433703,0,0,0,0,0,21,,,
1732897859.4859142,0,0,0,0,0,21,,,
1732897859.5381079,0,0,0,0,0,21,,,
1732897859.590397,0,0,0,0,0,21,,,
1732897859.642575,0,0,0,0,0,21,,,
1732897859.694825,0,0,0,0,0,21,,,
1732897859.746946,0,0,0,0,0,21,,,
1732897859.799178,0,0,0,0,0,21,,,
1732897859.851478,0,0,0,0,0,21,,,
1732897859.903598,0,0,0,0,0,21,,,
1732897859.955647,0,0,0,0,0,21,,,
1732897860.0075479,0,0,0,0,0,21,,,
1732897860.059625,0,0,0,0,0,21,,,
1732897860.112301,0,0,0,0,0,21,,,
1732897860.164743,0,0,0,0,0,21,,,
1732897860.217099,0,0,0,0,0,21,,,
1732897860.2693682,0,0,0,0,0,21,,,
1732897860.320676,0,0,0,0,0,21,,,
1732897860.3732228,0,0,0,0,0,21,,,
1732897860.42557,0,0,0,0,0,21,,,
1732897860.478176,0,0,0,0,0,21,,,
1732897860.530708,0,0,0,0,0,21,,,
1732897860.583172,0,0,0,0,0,21,,,
1732897860.6352751,0,0,0,0,0,21,,,
1732897860.687895,0,0,0,0,0,21,,,
1732897860.740387,0,0,0,0,0,21,,,
1732897860.792653,0,0,0,0,0,21,,,
1732897860.844938,0,0,0,0,0,21,,,
1732897860.897334,0,0,0,0,0,21,,,
1732897860.949156,0,0,0,0,0,21,,,
1732897861.00159,0,0,0,0,0,21,,,
1732897861.054301,0,0,0,0,0,21,,,
1732897861.1070452,0,0,0,0,0,21,,,
1732897861.159404,0,0,0,0,0,21,,,
1732897861.211788,0,0,0,0,0,21,,,
1732897861.264334,0,0,0,0,0,21,,,
1732897861.316681,0,0,0,0,0,21,,,
1732897861.369069,0,0,0,0,0,21,,,
1732897861.4218931,0,0,0,0,0,21,,,
1732897861.474039,0,0,0,0,0,21,,,
1732897861.5265212,0,0,0,0,0,21,,,
1732897861.578706,0,0,0,0,0,21,,,
1732897861.6312819,0,0,0,0,0,21,,,
1732897861.683857,0,0,0,0,0,21,,,
1732897861.736057,0,0,0,0,0,21,,,
1732897861.788278,0,0,0,0,0,21,,,
1732897861.840669,0,0,0,0,0,21,,,
1732897861.893327,0,0,0,0,0,21,,,
1732897861.945257,0,0,0,0,0,21,,,
1732897861.997775,0,0,0,0,0,21,,,
1732897862.050261,0,0,0,0,0,21,,,
1732897862.102898,0,0,0,0,0,21,,,
1732897862.155189,0,0,0,0,0,21,,,
1732897862.2076411,0,0,0,0,0,21,,,
1732897862.260114,0,0,0,0,0,21,,,
1732897862.312717,0,0,0,0,0,21,,,
1732897862.365101,0,0,0,0,0,21,,,
1732897862.417661,0,0,0,0,0,21,,,
1732897862.47035,0,0,0,0,0,21,,,
1732897862.523081,0,0,0,0,0,21,,,
1732897862.575299,0,0,0,0,0,21,,,
1732897862.627819,0,0,0,0,0,21,,,
1732897862.680585,0,0,0,0,0,21,,,
1732897862.733174,0,0,0,0,0,21,,,
1732897862.78594,0,0,0,0,0,21,,,
1732897862.838424,0,0,0,0,0,21,,,
1732897862.8914711,0,0,0,0,0,21,,,
1732897862.9437702,0,0,0,0,0,21,,,
1732897862.9962509,0,0,0,0,0,21,,,
1732897863.048692,0,0,0,0,0,21,,,
1732897863.101572,0,0,0,0,0,21,,,
1732897863.153984,0,0,0,0,0,21,,,
1732897863.206688,0,0,0,0,0,21,,,
1732897863.25916,0,0,0,0,0,21,,,
1732897863.311693,0,0,0,0,0,21,,,
1732897863.364307,0,0,0,0,0,21,,,
1732897863.416708,0,0,0,0,0,21,,,
1732897863.469375,0,0,0,0,0,21,,,
1732897863.521662,0,0,0,0,0,21,,,
1732897863.574274,0,0,0,0,0,21,,,
1732897863.6270761,0,0,0,0,0,21,,,
1732897863.6798441,0,0,0,0,0,21,,,
1732897863.7324748,0,0,0,0,0,21,,,
1732897863.784918,0,0,0,0,0,21,,,
1732897863.8372328,0,0,0,0,0,21,,,
1732897863.8900712,0,0,0,0,0,21,,,
1732897863.942351,0,0,0,0,0,21,,,
1732897863.9942021,0,0,0,0,0,21,,,
1732897864.0467598,0,0,0,0,0,21,,,
1732897864.098986,0,0,0,0,0,21,,,
1732897864.151395,0,0,0,0,0,21,,,
1732897864.2040179,0,0,0,0,0,21,,,
1732897864.2563462,0,0,0,0,0,21,,,
1732897864.309015,0,0,0,0,0,21,,,
1732897864.3615732,0,0,0,0,0,21,,,
1732897864.414093,0,0,0,0,0,21,,,
1732897864.46675,0,0,0,0,0,21,,,
1732897864.519412,0,0,0,0,0,21,,,
1732897864.5712209,0,0,0,0,0,21,,,
1732897864.623243,0,0,0,0,0,21,,,
1732897864.675404,0,0,0,0,0,21,,,
1732897864.72756,0,0,0,0,0,21,,,
1732897864.7795289,0,0,0,0,0,21,,,
1732897864.8320022,0,0,0,0,0,21,,,
1732897864.884833,0,0,0,0,0,21,,,
1732897864.937414,0,0,0,0,0,21,,,
1732897864.989974,0,0,0,0,0,21,,,
1732897865.042607,0,0,0,0,0,21,,,
1732897865.095327,0,0,0,0,0,21,,,
1732897865.147858,0,0,0,0,0,21,,,
1732897865.200008,0,0,0,0,0,21,,,
1732897865.2526112,0,0,0,0,0,21,,,
1732897865.305345,0,0,0,0,0,21,,,
1732897865.357365,0,0,0,0,0,21,,,
1732897865.41002,0,0,0,0,0,21,,,
1732897865.461977,0,0,0,0,0,21,,,
1732897865.514579,0,0,0,0,0,21,,,
1732897865.5673332,0,0,0,0,0,21,,,
1732897865.6197708,0,0,0,0,0,21,,,
1732897865.6722481,0,0,0,0,0,21,,,
1732897865.7250938,0,0,0,0,0,21,,,
1732897865.777826,0,0,0,0,0,21,,,
1732897865.830558,0,0,0,0,0,21,,,
1732897865.883412,0,0,0,0,0,21,,,
1732897865.936259,0,0,0,0,0,21,,,
1732897865.988991,0,0,0,0,0,21,,,
1732897866.041787,0,0,0,0,0,21,,,
1732897866.0944462,0,0,0,0,0,21,,,
1732897866.1471019,0,0,0,0,0,21,,,
1732897866.199483,0,0,0,0,0,21,,,
1732897866.252324,0,0,0,0,0,21,,,
1732897866.304988,0,0,0,0,0,21,,,
1732897866.357109,0,0,0,0,0,21,,,
1732897866.4096909,0,0,0,0,0,21,,,
1732897866.462146,0,0,0,0,0,21,,,
1732897866.514933,0,0,0,0,0,21,,,
1732897866.567399,0,0,0,0,0,21,,,
1732897866.619869,0,0,0,0,0,21,,,
1732897866.6724741,0,0,0,0,0,21,,,
1732897866.724988,0,0,0,0,0,21,,,
1732897866.777482,0,0,0,0,0,21,,,
1732897866.830084,0,0,0,0,0,21,,,
1732897866.882613,0,0,0,0,0,21,,,
1732897866.935276,0,0,0,0,0,21,,,
1732897866.987683,0,0,0,0,0,21,,,
1732897867.040333,0,0,0,0,0,21,,,
1732897867.0931818,0,0,0,0,0,21,,,
1732897867.1460009,0,0,0,0,0,21,,,
1732897867.1985059,0,0,0,0,0,21,,,
1732897867.250839,0,0,0,0,0,21,,,
1732897867.302722,0,0,0,0,0,21,,,
1732897867.355009,0,0,0,0,0,21,,,
1732897867.40735,0,0,0,0,0,21,,,
1732897867.460067,0,0,0,0,0,21,,,
1732897867.512792,0,0,0,0,0,21,,,
1732897867.564385,0,0,0,0,0,21,,,
1732897867.61687,0,0,0,0,0,21,,,
1732897867.668706,0,0,0,0,0,21,,,
1732897867.721238,0,0,0,0,0,21,,,
1732897867.773665,0,0,0,0,0,21,,,
1732897867.8261771,0,0,0,0,0,21,,,
1732897867.878888,0,0,0,0,0,21,,,
1732897867.931202,0,0,0,0,0,21,,,
1732897867.983503,0,0,0,0,0,21,,,
1732897868.035882,0,0,0,0,0,21,,,
1732897868.0885608,0,0,0,0,0,21,,,
1732897868.140652,0,0,0,0,0,21,,,
1732897868.192578,0,0,0,0,0,21,,,
1732897868.2444139,0,0,0,0,0,21,,,
1732897868.2961621,0,0,0,0,0,21,,,
1732897868.348456,0,0,0,0,0,21,,,
1732897868.400332,0,0,0,0,0,21,,,
1732897868.452814,0,0,0,0,0,21,,,
1732897868.505505,0,0,0,0,0,21,,,
1732897868.557326,0,0,0,0,0,21,,,
1732897868.609966,0,0,0,0,0,21,,,
1732897868.6625888,0,0,0,0,0,21,,,
1732897868.7152388,0,0,0,0,0,21,,,
1732897868.767824,0,0,0,0,0,21,,,
1732897868.820203,0,0,0,0,0,21,,,
1732897868.87251,0,0,0,0,0,21,,,
1732897868.92519,0,0,0,0,0,21,,,
1732897868.977258,0,0,0,0,0,21,,,
1732897869.029726,0,0,0,0,0,21,,,
1732897869.082133,0,0,0,0,0,21,,,
1732897869.1342962,0,0,0,0,0,21,,,
1732897869.186924,0,0,0,0,0,21,,,
1732897869.2396228,0,0,0,0,0,21,,,
1732897869.291795,0,0,0,0,0,21,,,
1732897869.344267,0,0,0,0,0,21,,,
1732897869.396634,0,0,0,0,0,21,,,
1732897869.44941,0,0,0,0,0,21,,,
1732897869.502112,0,0,0,0,0,21,,,
1732897869.5548959,0,0,0,0,0,21,,,
1732897869.607533,0,0,0,0,0,21,,,
1732897869.660257,0,0,0,0,0,21,,,
1732897869.712896,0,0,0,0,0,21,,,
1732897869.765259,0,0,0,0,0,21,,,
1732897869.817844,0,0,0,0,0,21,,,
1732897869.870481,0,0,0,0,0,21,,,
1732897869.922901,0,0,0,0,0,21,,,
1732897869.9754229,0,0,0,0,0,21,,,
1732897870.027972,0,0,0,0,0,21,,,
1732897870.080538,0,0,0,0,0,21,,,
1732897870.1330361,0,0,0,0,0,21,,,
1732897870.1848252,0,0,0,0,0,21,,,
1732897870.23756,0,0,0,0,0,21,,,
1732897870.290153,0,0,0,0,0,21,,,
1732897870.342613,0,0,0,0,0,21,,,
1732897870.3940191,0,0,0,0,0,21,,,
1732897870.446455,0,0,0,0,0,21,,,
1732897870.498474,0,0,0,0,0,21,,,
1732897870.551202,0,0,0,0,0,21,,,
1732897870.603374,0,0,0,0,0,21,,,
1732897870.655952,0,0,0,0,0,21,,,
1732897870.708467,0,0,0,0,0,21,,,
1732897870.7607439,0,0,0,0,0,21,,,
1732897870.813324,0,0,0,0,0,21,,,
1732897870.8660989,0,0,0,0,0,21,,,
1732897870.9188979,0,0,0,0,0,21,,,
1732897870.971574,0,0,0,0,0,21,,,
1732897871.0241868,0,0,0,0,0,21,,,
1732897871.0769181,0,0,0,0,0,21,,,
1732897871.12945,0,0,0,0,0,21,,,
1732897871.181771,0,0,0,0,0,21,,,
1732897871.234495,0,0,0,0,0,21,,,
1732897871.28703,0,0,0,0,0,21,,,
1732897871.339679,0,0,0,0,0,21,,,
1732897871.3919291,0,0,0,0,0,21,,,
1732897871.443716,0,0,0,0,0,21,,,
1732897871.496161,0,0,0,0,0,21,,,
1732897871.548641,0,0,0,0,0,21,,,
1732897871.60027,0,0,0,0,0,21,,,
1732897871.6530392,0,0,0,0,0,21,,,
1732897871.705494,0,0,0,0,0,21,,,
1732897871.758113,0,0,0,0,0,21,,,
1732897871.810517,0,0,0,0,0,21,,,
1732897871.863355,0,0,0,0,0,21,,,
1732897871.916194,0,0,0,0,0,21,,,
1732897871.96863,0,0,0,0,0,21,,,
1732897872.02109,0,0,0,0,0,21,,,
1732897872.0737548,0,0,0,0,0,21,,,
1732897872.126474,0,0,0,0,0,21,,,
1732897872.1791759,0,0,0,0,0,21,,,
1732897872.231879,0,0,0,0,0,21,,,
1732897872.284432,0,0,0,0,0,21,,,
1732897872.337229,0,0,0,0,0,21,,,
1732897872.389766,0,0,0,0,0,21,,,
1732897872.44228,0,0,0,0,0,21,,,
1732897872.494933,0,0,0,0,0,21,,,
1732897872.547009,0,0,0,0,0,21,,,
1732897872.599267,0,0,0,0,0,21,,,
1732897872.651933,0,0,0,0,0,21,,,
1732897872.7043252,0,0,0,0,0,21,,,
1732897872.7569752,0,0,0,0,0,21,,,
1732897872.80933,0,0,0,0,0,21,,,
1732897872.86218,0,0,0,0,0,21,,,
1732897872.9147651,0,0,0,0,0,21,,,
1732897872.967343,0,0,0,0,0,21,,,
1732897873.019687,0,0,0,0,0,21,,,
1732897873.072361,0,0,0,0,0,21,,,
1732897873.1251688,0,0,0,0,0,21,,,
1732897873.177848,0,0,0,0,0,21,,,
1732897873.230449,0,0,0,0,0,21,,,
1732897873.2831721,0,0,0,0,0,21,,,
1732897873.3357692,0,0,0,0,0,21,,,
1732897873.388255,0,0,0,0,0,21,,,
1732897873.440701,0,0,0,0,0,21,,,
1732897873.493137,0,0,0,0,0,21,,,
1732897873.545949,0,0,0,0,0,21,,,
1732897873.5980558,0,0,0,0,0,21,,,
1732897873.649992,0,0,0,0,0,21,,,
1732897873.701589,0,0,0,0,0,21,,,
1732897873.754234,0,0,0,0,0,21,,,
1732897873.806347,0,0,0,0,0,21,,,
1732897873.85745,0,0,0,0,0,21,,,
1732897873.908967,0,0,0,0,0,21,,,
1732897873.96057,0,0,0,0,0,21,,,
1732897874.012501,0,0,0,0,0,21,,,
1732897874.064835,0,0,0,0,0,21,,,
1732897874.1170812,0,0,0,0,0,21,,,
1732897874.169413,0,0,0,0,0,21,,,
1732897874.221697,0,0,0,0,0,21,,,
1732897874.2740748,0,0,0,0,0,21,,,
1732897874.326463,0,0,0,0,0,21,,,
1732897874.3787992,0,0,0,0,0,21,,,
1732897874.431555,0,0,0,0,0,21,,,
1732897874.484431,0,0,0,0,0,21,,,
1732897874.537196,0,0,0,0,0,21,,,
1732897874.589996,0,0,0,0,0,21,,,
1732897874.642566,0,0,0,0,0,21,,,
1732897874.6953092,0,0,0,0,0,21,,,
1732897874.748022,0,0,0,0,0,21,,,
1732897874.800718,0,0,0,0,0,21,,,
1732897874.853153,0,0,0,0,0,21,,,
1732897874.905725,0,0,0,0,0,21,,,
1732897874.958333,0,0,0,0,0,21,,,
1732897875.01012,0,0,0,0,0,21,,,
1732897875.062762,0,0,0,0,0,21,,,
1732897875.115533,0,0,0,0,0,21,,,
1732897875.1682959,0,0,0,0,0,21,,,
1732897875.2205272,0,0,0,0,0,21,,,
1732897875.273366,0,0,0,0,0,21,,,
1732897875.3264,0,0,0,0,0,21,,,
1732897875.3789282,0,0,0,0,0,21,,,
1732897875.431332,0,0,0,0,0,21,,,
1732897875.483744,0,0,0,0,0,21,,,
1732897875.53634,0,0,0,0,0,21,,,
1732897875.5888152,0,0,0,0,0,21,,,
1732897875.6411068,0,0,0,0,0,21,,,
1732897875.693857,0,0,0,0,0,21,,,
1732897875.74644,0,0,0,0,0,21,,,
1732897875.798765,0,0,0,0,0,21,,,
1732897875.8513331,0,0,0,0,0,21,,,
1732897875.903796,0,0,0,0,0,21,,,
1732897875.956308,0,0,0,0,0,21,,,
1732897876.008636,0,0,0,0,0,21,,,
1732897876.061075,0,0,0,0,0,21,,,
1732897876.113612,0,0,0,0,0,21,,,
1732897876.165965,0,0,0,0,0,21,,,
1732897876.2176142,0,0,0,0,0,21,,,
1732897876.270185,0,0,0,0,0,21,,,
1732897876.322796,0,0,0,0,0,21,,,
1732897876.375326,0,0,0,0,0,21,,,
1732897876.4274611,0,0,0,0,0,21,,,
1732897876.4798982,0,0,0,0,0,21,,,
1732897876.5324302,0,0,0,0,0,21,,,
1732897876.585047,0,0,0,0,0,21,,,
1732897876.637364,0,0,0,0,0,21,,,
1732897876.689954,0,0,0,0,0,21,,,
1732897876.7425,0,0,0,0,0,21,,,
1732897876.79502,0,0,0,0,0,21,,,
1732897876.8473952,0,0,0,0,0,21,,,
1732897876.899936,0,0,0,0,0,21,,,
1732897876.9514308,0,0,0,0,0,21,,,
1732897877.003053,0,0,0,0,0,21,,,
1732897877.054786,0,0,0,0,0,21,,,
1732897877.106837,0,0,0,0,0,21,,,
1732897877.159033,0,0,0,0,0,21,,,
1732897877.211175,0,0,0,0,0,21,,,
1732897877.263286,0,0,0,0,0,21,,,
1732897877.315434,0,0,0,0,0,21,,,
1732897877.367585,0,0,0,0,0,21,,,
1732897877.419768,0,0,0,0,0,21,,,
1732897877.471832,0,0,0,0,0,21,,,
1732897877.524062,0,0,0,0,0,21,,,
1732897877.575862,0,0,0,0,0,21,,,
1732897877.627615,0,0,0,0,0,21,,,
1732897877.679766,0,0,0,0,0,21,,,
1732897877.731884,0,0,0,0,0,21,,,
1732897877.78403,0,0,0,0,0,21,,,
1732897877.836,0,0,0,0,0,21,,,
1732897877.887519,0,0,0,0,0,21,,,
1732897877.939305,0,0,0,0,0,21,,,
1732897877.991308,0,0,0,0,0,21,,,
1732897878.043479,0,0,0,0,0,21,,,
1732897878.0960739,0,0,0,0,0,21,,,
1732897878.148608,0,0,0,0,0,21,,,
1732897878.201059,0,0,0,0,0,21,,,
1732897878.253345,0,0,0,0,0,21,,,
1732897878.30511,0,0,0,0,0,21,,,
1732897878.3567412,0,0,0,0,0,21,,,
1732897878.4079192,0,0,0,0,0,21,,,
1732897878.459559,0,0,0,0,0,21,,,
1732897878.510887,0,0,0,0,0,21,,,
1732897878.5624378,0,0,0,0,0,21,,,
1732897878.6145332,0,0,0,0,0,21,,,
1732897878.666574,0,0,0,0,0,21,,,
1732897878.718697,0,0,0,0,0,21,,,
1732897878.769801,0,0,0,0,0,21,,,
1732897878.821655,0,0,0,0,0,21,,,
1732897878.873536,0,0,0,0,0,21,,,
1732897878.9253728,0,0,0,0,0,21,,,
1732897878.9771369,0,0,0,0,0,21,,,
1732897879.028842,0,0,0,0,0,21,,,
1732897879.081055,0,0,0,0,0,21,,,
1732897879.133884,0,0,0,0,0,21,,,
1732897879.1860778,0,0,0,0,0,21,,,
1732897879.237716,0,0,0,0,0,21,,,
1732897879.289668,0,0,0,0,0,21,,,
1732897879.3414972,0,0,0,0,0,21,,,
1732897879.3932538,0,0,0,0,0,21,,,
1732897879.444371,0,0,0,0,0,21,,,
1732897879.4963331,0,0,0,0,0,21,,,
1732897879.5487201,0,0,0,0,0,21,,,
1732897879.601432,0,0,0,0,0,21,,,
1732897879.653274,0,0,0,0,0,21,,,
1732897879.705467,0,0,0,0,0,21,,,
1732897879.756722,0,0,0,0,0,21,,,
1732897879.80863,0,0,0,0,0,21,,,
1732897879.8604941,0,0,0,0,0,21,,,
1732897879.912575,0,0,0,0,0,21,,,
1732897879.964919,0,0,0,0,0,21,,,
1732897880.0168152,0,0,0,0,0,21,,,
1732897880.069186,0,0,0,0,0,21,,,
1732897880.12139,0,0,0,0,0,21,,,
1732897880.1740532,0,0,0,0,0,21,,,
1732897880.22645,0,0,0,0,0,21,,,
1732897880.278744,0,0,0,0,0,21,,,
1732897880.3311749,0,0,0,0,0,21,,,
1732897880.383838,0,0,0,0,0,21,,,
1732897880.436361,0,0,0,0,0,21,,,
1732897880.489107,0,0,0,0,0,21,,,
1732897880.5417979,0,0,0,0,0,21,,,
1732897880.5943859,0,0,0,0,0,21,,,
1732897880.646764,0,0,0,0,0,21,,,
1732897880.6993868,0,0,0,0,0,21,,,
1732897880.751887,0,0,0,0,0,21,,,
1732897880.8044548,0,0,0,0,0,21,,,
1732897880.856287,0,0,0,0,0,21,,,
1732897880.908486,0,0,0,0,0,21,,,
1732897880.960706,0,0,0,0,0,21,,,
1732897881.012813,0,0,0,0,0,21,,,
1732897881.0649579,0,0,0,0,0,21,,,
1732897881.117195,0,0,0,0,0,21,,,
1732897881.1689222,0,0,0,0,0,21,,,
1732897881.220452,0,0,0,0,0,21,,,
1732897881.272537,0,0,0,0,0,21,,,
1732897881.324186,0,0,0,0,0,21,,,
1732897881.378926,0,0,0,0,0,21,,,
1732897881.430544,0,0,0,0,0,21,,,
1732897881.482592,0,0,0,0,0,21,,,
1732897881.534673,0,0,0,0,0,21,,,
1732897881.58689,0,0,0,0,0,21,,,
1732897881.639252,0,0,0,0,0,21,,,
1732897881.69153,0,0,0,0,0,21,,,
1732897881.743804,0,0,0,0,0,21,,,
1732897881.796104,0,0,0,0,0,21,,,
1732897881.8473768,0,0,0,0,0,21,,,
1732897881.899714,0,0,0,0,0,21,,,
1732897881.952032,0,0,0,0,0,21,,,
1732897882.004151,0,0,0,0,0,21,,,
1732897882.056088,0,0,0,0,0,21,,,
1732897882.1084101,0,0,0,0,0,21,,,
1732897882.1606982,0,0,0,0,0,21,,,
1732897882.212886,0,0,0,0,0,21,,,
1732897882.26497,0,0,0,0,0,21,,,
1732897882.317235,0,0,0,0,0,21,,,
1732897882.3695092,0,0,0,0,0,21,,,
1732897882.421678,0,0,0,0,0,21,,,
1732897882.473632,0,0,0,0,0,21,,,
1732897882.525923,0,0,0,0,0,21,,,
1732897882.578193,0,0,0,0,0,21,,,
1732897882.630524,0,0,0,0,0,21,,,
1732897882.6826491,0,0,0,0,0,21,,,
1732897882.734808,0,0,0,0,0,21,,,
1732897882.786977,0,0,0,0,0,21,,,
1732897882.838964,0,0,0,0,0,21,,,
1732897882.891202,0,0,0,0,0,21,,,
1732897882.943325,0,0,0,0,0,21,,,
1732897882.995512,0,0,0,0,0,21,,,
1732897883.04775,0,0,0,0,0,21,,,
1732897883.099936,0,0,0,0,0,21,,,
1732897883.1521652,0,0,0,0,0,21,,,
1732897883.203545,0,0,0,0,0,21,,,
1732897883.2545438,0,0,0,0,0,21,,,
1732897883.306725,0,0,0,0,0,21,,,
1732897883.358999,0,0,0,0,0,21,,,
1732897883.411036,0,0,0,0,0,21,,,
1732897883.4631522,0,0,0,0,0,21,,,
1732897883.5154822,0,0,0,0,0,21,,,
1732897883.5676491,0,0,0,0,0,21,,,
1732897883.61995,0,0,0,0,0,21,,,
1732897883.671844,0,0,0,0,0,21,,,
1732897883.724185,0,0,0,0,0,21,,,
1732897883.776434,0,0,0,0,0,21,,,
1732897883.828647,0,0,0,0,0,21,,,
1732897883.880799,0,0,0,0,0,21,,,
1732897883.9330308,0,0,0,0,0,21,,,
1732897883.9852412,0,0,0,0,0,21,,,
1732897884.037724,0,0,0,0,0,21,,,
1732897884.08991,0,0,0,0,0,21,,,
1732897884.1420438,0,0,0,0,0,21,,,
1732897884.1941812,0,0,0,0,0,21,,,
1732897884.246428,0,0,0,0,0,21,,,
1732897884.298644,0,0,0,0,0,21,,,
1732897884.350894,0,0,0,0,0,21,,,
1732897884.402264,0,0,0,0,0,21,,,
1732897884.454549,0,0,0,0,0,21,,,
1732897884.506832,0,0,0,0,0,21,,,
1732897884.55905,0,0,0,0,0,21,,,
1732897884.611338,0,0,0,0,0,21,,,
1732897884.6625862,0,0,0,0,0,21,,,
1732897884.714903,0,0,0,0,0,21,,,
1732897884.76707,0,0,0,0,0,21,,,
1732897884.819343,0,0,0,0,0,21,,,
1732897884.871491,0,0,0,0,0,21,,,
1732897884.923726,0,0,0,0,0,21,,,
1732897884.976097,0,0,0,0,0,21,,,
1732897885.0276768,0,0,0,0,0,21,,,
1732897885.0791192,0,0,0,0,0,21,,,
1732897885.131211,0,0,0,0,0,21,,,
1732897885.1835468,0,0,0,0,0,21,,,
1732897885.235769,0,0,0,0,0,21,,,
1732897885.28769,0,0,0,0,0,21,,,
1732897885.3399649,0,0,0,0,0,21,,,
1732897885.392267,0,0,0,0,0,21,,,
1732897885.444504,0,0,0,0,0,21,,,
1732897885.496541,0,0,0,0,0,21,,,
1732897885.5486872,0,0,0,0,0,21,,,
1732897885.600953,0,0,0,0,0,21,,,
1732897885.653162,0,0,0,0,0,21,,,
1732897885.705468,0,0,0,0,0,21,,,
1732897885.757736,0,0,0,0,0,21,,,
1732897885.809987,0,0,0,0,0,21,,,
1732897885.862169,0,0,0,0,0,21,,,
1732897885.9144561,0,0,0,0,0,21,,,
1732897885.9667158,0,0,0,0,0,21,,,
1732897886.018893,0,0,0,0,0,21,,,
1732897886.0704598,0,0,0,0,0,21,,,
1732897886.122626,0,0,0,0,0,21,,,
1732897886.174832,0,0,0,0,0,21,,,
1732897886.226906,0,0,0,0,0,21,,,
1732897886.2790358,0,0,0,0,0,21,,,
1732897886.33132,0,0,0,0,0,21,,,
1732897886.383578,0,0,0,0,0,21,,,
1732897886.435735,0,0,0,0,0,21,,,
1732897886.487929,0,0,0,0,0,21,,,
1732897886.540158,0,0,0,0,0,21,,,
1732897886.5942101,0,0,0,0,0,21,,,
1732897886.65012,0,0,0,0,0,21,,,
1732897886.702432,0,0,0,0,0,21,,,
1732897886.7543502,0,0,0,0,0,21,,,
1732897886.8065028,0,0,0,0,0,21,,,
1732897886.859039,0,0,0,0,0,21,,,
1732897886.9114182,0,0,0,0,0,21,,,
1732897886.963497,0,0,0,0,0,21,,,
1732897887.015848,0,0,0,0,0,21,,,
1732897887.068164,0,0,0,0,0,21,,,
1732897887.120289,0,0,0,0,0,21,,,
1732897887.172519,0,0,0,0,0,21,,,
1732897887.224784,0,0,0,0,0,21,,,
1732897887.2764459,0,0,0,0,0,21,,,
1732897887.3289878,0,0,0,0,0,21,,,
1732897887.381525,0,0,0,0,0,21,,,
1732897887.4338088,0,0,0,0,0,21,,,
1732897887.485909,0,0,0,0,0,21,,,
1732897887.5384479,0,0,0,0,0,21,,,
1732897887.590975,0,0,0,0,0,21,,,
1732897887.643471,0,0,0,0,0,21,,,
1732897887.695914,0,0,0,0,0,21,,,
1732897887.748161,0,0,0,0,0,21,,,
1732897887.80075,0,0,0,0,0,21,,,
1732897887.853119,0,0,0,0,0,21,,,
1732897887.904583,0,0,0,0,0,21,,,
1732897887.95622,0,0,0,0,0,21,,,
1732897888.0077262,0,0,0,0,0,21,,,
1732897888.0591621,0,0,0,0,0,21,,,
1732897888.110522,0,0,0,0,0,21,,,
1732897888.162154,0,0,0,0,0,21,,,
1732897888.214838,0,0,0,0,0,21,,,
1732897888.2670999,0,0,0,0,0,21,,,
1732897888.319446,0,0,0,0,0,21,,,
1732897888.371519,0,0,0,0,0,21,,,
1732897888.423862,0,0,0,0,0,21,,,
1732897888.476203,0,0,0,0,0,21,,,
1732897888.528376,0,0,0,0,0,21,,,
1732897888.5803661,0,0,0,0,0,21,,,
1732897888.632263,0,0,0,0,0,21,,,
1732897888.683557,0,0,0,0,0,21,,,
1732897888.735486,0,0,0,0,0,21,,,
1732897888.787725,0,0,0,0,0,21,,,
1732897888.839988,0,0,0,0,0,21,,,
1732897888.8930361,0,0,0,0,0,21,,,
1732897888.945299,0,0,0,0,0,21,,,
1732897888.997588,0,0,0,0,0,21,,,
1732897889.049819,0,0,0,0,0,21,,,
1732897889.1020238,0,0,0,0,0,21,,,
1732897889.1543128,0,0,0,0,0,21,,,
1732897889.206666,0,0,0,0,0,21,,,
1732897889.258993,0,0,0,0,0,21,,,
1732897889.3112671,0,0,0,0,0,21,,,
1732897889.363505,0,0,0,0,0,21,,,
1732897889.415804,0,0,0,0,0,21,,,
1732897889.4681091,0,0,0,0,0,21,,,
1732897889.520315,0,0,0,0,0,21,,,
1732897889.5725372,0,0,0,0,0,21,,,
1732897889.62484,0,0,0,0,0,21,,,
1732897889.677187,0,0,0,0,0,21,,,
1732897889.7294478,0,0,0,0,0,21,,,
1732897889.781774,0,0,0,0,0,21,,,
1732897889.8340821,0,0,0,0,0,21,,,
1732897889.886454,0,0,0,0,0,21,,,
1732897889.938977,0,0,0,0,0,21,,,
1732897889.9914,0,0,0,0,0,21,,,
1732897890.043643,0,0,0,0,0,21,,,
1732897890.0956202,0,0,0,0,0,21,,,
1732897890.147873,0,0,0,0,0,21,,,
1732897890.2003992,0,0,0,0,0,21,,,
1732897890.2543108,0,0,0,0,0,21,,,
1732897890.306787,0,0,0,0,0,21,,,
1732897890.359728,0,0,0,0,0,21,,,
1732897890.4125051,0,0,0,0,0,21,,,
1732897890.465129,0,0,0,0,0,21,,,
1732897890.517909,0,0,0,0,0,21,,,
1732897890.570606,0,0,0,0,0,21,,,
1732897890.623273,0,0,0,0,0,21,,,
1732897890.67603,0,0,0,0,0,21,,,
1732897890.728848,0,0,0,0,0,21,,,
1732897890.781576,0,0,0,0,0,21,,,
1732897890.834538,0,0,0,0,0,21,,,
1732897890.887342,0,0,0,0,0,21,,,
1732897890.940078,0,0,0,0,0,21,,,
1732897890.992926,0,0,0,0,0,21,,,
1732897891.0456269,0,0,0,0,0,21,,,
1732897891.09762,0,0,0,0,0,21,,,
1732897891.15063,0,0,0,0,0,21,,,
1732897891.203341,0,0,0,0,0,21,,,
1732897891.256039,0,0,0,0,0,21,,,
1732897891.3085241,0,0,0,0,0,21,,,
1732897891.3613482,0,0,0,0,0,21,,,
1732897891.414231,0,0,0,0,0,21,,,
1732897891.4668648,0,0,0,0,0,21,,,
1732897891.519451,0,0,0,0,0,21,,,
1732897891.571466,0,0,0,0,0,21,,,
1732897891.624245,0,0,0,0,0,21,,,
1732897891.677103,0,0,0,0,0,21,,,
1732897891.729712,0,0,0,0,0,21,,,
1732897891.782455,0,0,0,0,0,21,,,
1732897891.83535,0,0,0,0,0,21,,,
1732897891.888146,0,0,0,0,0,21,,,
1732897891.940972,0,0,0,0,0,21,,,
1732897891.9936252,0,0,0,0,0,21,,,
1732897892.046166,0,0,0,0,0,21,,,
1732897892.098877,0,0,0,0,0,21,,,
1732897892.1514492,0,0,0,0,0,21,,,
1732897892.2041779,0,0,0,0,0,21,,,
1732897892.25636,0,0,0,0,0,21,,,
1732897892.3084679,0,0,0,0,0,21,,,
1732897892.361228,0,0,0,0,0,21,,,
1732897892.414057,0,0,0,0,0,21,,,
1732897892.466721,0,0,0,0,0,21,,,
1732897892.51937,0,0,0,0,0,21,,,
1732897892.572235,0,0,0,0,0,21,,,
1732897892.625164,0,0,0,0,0,21,,,
1732897892.677988,0,0,0,0,0,21,,,
1732897892.7306151,0,0,0,0,0,21,,,
1732897892.78338,0,0,0,0,0,21,,,
1732897892.836061,0,0,0,0,0,21,,,
1732897892.888833,0,0,0,0,0,21,,,
1732897892.941378,0,0,0,0,0,21,,,
1732897892.9941561,0,0,0,0,0,21,,,
1732897893.046318,0,0,0,0,0,21,,,
1732897893.098805,0,0,0,0,0,21,,,
1732897893.151428,0,0,0,0,0,21,,,
1732897893.204032,0,0,0,0,0,21,,,
1732897893.2561789,0,0,0,0,0,21,,,
1732897893.3074849,0,0,0,0,0,21,,,
1732897893.360207,0,0,0,0,0,21,,,
1732897893.412784,0,0,0,0,0,21,,,
1732897893.465622,0,0,0,0,0,21,,,
1732897893.518058,0,0,0,0,0,21,,,
1732897893.5712729,0,0,0,0,0,21,,,
1732897893.6241012,0,0,0,0,0,21,,,
1732897893.6765928,0,0,0,0,0,21,,,
1732897893.7293398,0,0,0,0,0,21,,,
1732897893.7819788,0,0,0,0,0,21,,,
1732897893.834801,0,0,0,0,0,21,,,
1732897893.887687,0,0,0,0,0,21,,,
1732897893.940568,0,0,0,0,0,21,,,
1732897893.99341,0,0,0,0,0,21,,,
1732897894.045917,0,0,0,0,0,21,,,
1732897894.09853,0,0,0,0,0,21,,,
1732897894.1514392,0,0,0,0,0,21,,,
1732897894.20433,0,0,0,0,0,21,,,
1732897894.256149,0,0,0,0,0,21,,,
1732897894.308188,0,0,0,0,0,21,,,
1732897894.360682,0,0,0,0,0,21,,,
1732897894.413582,0,0,0,0,0,21,,,
1732897894.466462,0,0,0,0,0,21,,,
1732897894.518552,0,0,0,0,0,21,,,
1732897894.571382,0,0,0,0,0,21,,,
1732897894.624367,0,0,0,0,0,21,,,
1732897894.677208,0,0,0,0,0,21,,,
1732897894.729878,0,0,0,0,0,21,,,
1732897894.782548,0,0,0,0,0,21,,,
1732897894.835351,0,0,0,0,0,21,,,
1732897894.887999,0,0,0,0,0,21,,,
1732897894.940821,0,0,0,0,0,21,,,
1732897894.993282,0,0,0,0,0,21,,,
1732897895.0457659,0,0,0,0,0,21,,,
1732897895.0983522,0,0,0,0,0,21,,,
1732897895.150956,0,0,0,0,0,21,,,
1732897895.203747,0,0,0,0,0,21,,,
1732897895.256075,0,0,0,0,0,21,,,
1732897895.3087082,0,0,0,0,0,21,,,
1732897895.361602,0,0,0,0,0,21,,,
1732897895.4142752,0,0,0,0,0,21,,,
1732897895.4666061,0,0,0,0,0,21,,,
1732897895.518612,0,0,0,0,0,21,,,
1732897895.571084,0,0,0,0,0,21,,,
1732897895.624005,0,0,0,0,0,21,,,
1732897895.6768398,0,0,0,0,0,21,,,
1732897895.729373,0,0,0,0,0,21,,,
1732897895.781867,0,0,0,0,0,21,,,
1732897895.8344488,0,0,0,0,0,21,,,
1732897895.88718,0,0,0,0,0,21,,,
1732897895.939779,0,0,0,0,0,21,,,
1732897895.992376,0,0,0,0,0,21,,,
1732897896.045109,0,0,0,0,0,21,,,
1732897896.097667,0,0,0,0,0,21,,,
1732897896.1501062,0,0,0,0,0,21,,,
1732897896.202704,0,0,0,0,0,21,,,
1732897896.255223,0,0,0,0,0,21,,,
1732897896.3073978,0,0,0,0,0,21,,,
1732897896.360158,0,0,0,0,0,21,,,
1732897896.412777,0,0,0,0,0,21,,,
1732897896.465483,0,0,0,0,0,21,,,
1732897896.518125,0,0,0,0,0,21,,,
1732897896.570603,0,0,0,0,0,21,,,
1732897896.623391,0,0,0,0,0,21,,,
1732897896.6761758,0,0,0,0,0,21,,,
1732897896.727871,0,0,0,0,0,21,,,
1732897896.780072,0,0,0,0,0,21,,,
1732897896.8323462,0,0,0,0,0,21,,,
1732897896.885189,0,0,0,0,0,21,,,
1732897896.937817,0,0,0,0,0,21,,,
1732897896.9897358,0,0,0,0,0,21,,,
1732897897.042152,0,0,0,0,0,21,,,
1732897897.094713,0,0,0,0,0,21,,,
1732897897.147224,0,0,0,0,0,21,,,
1732897897.1997042,0,0,0,0,0,21,,,
1732897897.252234,0,0,0,0,0,21,,,
1732897897.304394,0,0,0,0,0,21,,,
1732897897.357656,0,0,0,0,0,21,,,
1732897897.4104671,0,0,0,0,0,21,,,
1732897897.462962,0,0,0,0,0,21,,,
1732897897.515054,0,0,0,0,0,21,,,
1732897897.566581,0,0,0,0,0,21,,,
1732897897.619367,0,0,0,0,0,21,,,
1732897897.671703,0,0,0,0,0,21,,,
1732897897.7239192,0,0,0,0,0,21,,,
1732897897.7761018,0,0,0,0,0,21,,,
1732897897.828524,0,0,0,0,0,21,,,
1732897897.8812978,0,0,0,0,0,21,,,
1732897897.932746,0,0,0,0,0,21,,,
1732897897.984925,0,0,0,0,0,21,,,
1732897898.037305,0,0,0,0,0,21,,,
1732897898.089428,0,0,0,0,0,21,,,
1732897898.141715,0,0,0,0,0,21,,,
1732897898.193793,0,0,0,0,0,21,,,
1732897898.245632,0,0,0,0,0,21,,,
1732897898.297733,0,0,0,0,0,21,,,
1732897898.3497071,0,0,0,0,0,21,,,
1732897898.40225,0,0,0,0,0,21,,,
1732897898.454983,0,0,0,0,0,21,,,
1732897898.507382,0,0,0,0,0,21,,,
1732897898.5584471,0,0,0,0,0,21,,,
1732897898.610569,0,0,0,0,0,21,,,
1732897898.6623218,0,0,0,0,0,21,,,
1732897898.7147038,0,0,0,0,0,21,,,
1732897898.7672992,0,0,0,0,0,21,,,
1732897898.820008,0,0,0,0,0,21,,,
1732897898.872424,0,0,0,0,0,21,,,
1732897898.9249809,0,0,0,0,0,21,,,
1732897898.9776142,0,0,0,0,0,21,,,
1732897899.030344,0,0,0,0,0,21,,,
1732897899.082978,0,0,0,0,0,21,,,
1732897899.1356318,0,0,0,0,0,21,,,
1732897899.188237,0,0,0,0,0,21,,,
1732897899.240847,0,0,0,0,0,21,,,
1732897899.293289,0,0,0,0,0,21,,,
1732897899.3452082,0,0,0,0,0,21,,,
1732897899.397866,0,0,0,0,0,21,,,
1732897899.450552,0,0,0,0,0,21,,,
1732897899.503098,0,0,0,0,0,21,,,
1732897899.5554938,0,0,0,0,0,21,,,
1732897899.607945,0,0,0,0,0,21,,,
1732897899.660303,0,0,0,0,0,21,,,
1732897899.713204,0,0,0,0,0,21,,,
1732897899.764992,0,0,0,0,0,21,,,
1732897899.817388,0,0,0,0,0,21,,,
1732897899.8694952,0,0,0,0,0,21,,,
1732897899.9218109,0,0,0,0,0,21,,,
1732897899.974435,0,0,0,0,0,21,,,
1732897900.026925,0,0,0,0,0,21,,,
1732897900.07936,0,0,0,0,0,21,,,
1732897900.131798,0,0,0,0,0,21,,,
1732897900.184172,0,0,0,0,0,21,,,
1732897900.236629,0,0,0,0,0,21,,,
1732897900.2888699,0,0,0,0,0,21,,,
1732897900.341415,0,0,0,0,0,21,,,
1732897900.3937018,0,0,0,0,0,21,,,
1732897900.446082,0,0,0,0,0,21,,,
1732897900.498623,0,0,0,0,0,21,,,
1732897900.550376,0,0,0,0,0,21,,,
1732897900.602601,0,0,0,0,0,21,,,
1732897900.65504,0,0,0,0,0,21,,,
1732897900.707524,0,0,0,0,0,21,,,
1732897900.759671,0,0,0,0,0,21,,,
1732897900.811987,0,0,0,0,0,21,,,
1732897900.864448,0,0,0,0,0,21,,,
1732897900.9169111,0,0,0,0,0,21,,,
1732897900.969006,0,0,0,0,0,21,,,
1732897901.0213,0,0,0,0,0,21,,,
1732897901.073621,0,0,0,0,0,21,,,
1732897901.125938,0,0,0,0,0,21,,,
1732897901.1783261,0,0,0,0,0,21,,,
1732897901.23061,0,0,0,0,0,21,,,
1732897901.2826471,0,0,0,0,0,21,,,
1732897901.334801,0,0,0,0,0,21,,,
1732897901.3869922,0,0,0,0,0,21,,,
1732897901.438782,0,0,0,0,0,21,,,
1732897901.491039,0,0,0,0,0,21,,,
1732897901.54372,0,0,0,0,0,21,,,
1732897901.596493,0,0,0,0,0,21,,,
1732897901.648997,0,0,0,0,0,21,,,
1732897901.7016,0,0,0,0,0,21,,,
1732897901.753113,0,0,0,0,0,21,,,
1732897901.805321,0,0,0,0,0,21,,,
1732897901.8577,0,0,0,0,0,21,,,
1732897901.910133,0,0,0,0,0,21,,,
1732897901.9621959,0,0,0,0,0,21,,,
1732897902.0144582,0,0,0,0,0,21,,,
1732897902.066916,0,0,0,0,0,21,,,
1732897902.1192162,0,0,0,0,0,21,,,
1732897902.170738,0,0,0,0,0,21,,,
1732897902.223136,0,0,0,0,0,21,,,
1732897902.2755818,0,0,0,0,0,21,,,
1732897902.328042,0,0,0,0,0,21,,,
1732897902.3805299,0,0,0,0,0,21,,,
1732897902.432957,0,0,0,0,0,21,,,
1732897902.4851892,0,0,0,0,0,21,,,
1732897902.5373812,0,0,0,0,0,21,,,
1732897902.589667,0,0,0,0,0,21,,,
1732897902.6421142,0,0,0,0,0,21,,,
1732897902.694688,0,0,0,0,0,21,,,
1732897902.747096,0,0,0,0,0,21,,,
1732897902.799495,0,0,0,0,0,21,,,
1732897902.851094,0,0,0,0,0,21,,,
1732897902.9027772,0,0,0,0,0,21,,,
1732897902.954266,0,0,0,0,0,21,,,
1732897903.0058198,0,0,0,0,0,21,,,
1732897903.0578492,0,0,0,0,0,21,,,
1732897903.1100328,0,0,0,0,0,21,,,
1732897903.1611662,0,0,0,0,0,21,,,
1732897903.213225,0,0,0,0,0,21,,,
1732897903.265419,0,0,0,0,0,21,,,
1732897903.317469,0,0,0,0,0,21,,,
1732897903.36915,0,0,0,0,0,21,,,
1732897903.4212558,0,0,0,0,0,21,,,
1732897903.473427,0,0,0,0,0,21,,,
1732897903.5255392,0,0,0,0,0,21,,,
1732897903.577589,0,0,0,0,0,21,,,
1732897903.629477,0,0,0,0,0,21,,,
1732897903.6812549,0,0,0,0,0,21,,,
1732897903.7333791,0,0,0,0,0,21,,,
1732897903.785664,0,0,0,0,0,21,,,
1732897903.837871,0,0,0,0,0,21,,,
1732897903.889756,0,0,0,0,0,21,,,
1732897903.941906,0,0,0,0,0,21,,,
1732897903.99412,0,0,0,0,0,21,,,
1732897904.046334,0,0,0,0,0,21,,,
1732897904.098467,0,0,0,0,0,21,,,
1732897904.150628,0,0,0,0,0,21,,,
1732897904.202776,0,0,0,0,0,21,,,
1732897904.2549179,0,0,0,0,0,21,,,
1732897904.3069792,0,0,0,0,0,21,,,
1732897904.359148,0,0,0,0,0,21,,,
1732897904.411346,0,0,0,0,0,21,,,
1732897904.463495,0,0,0,0,0,21,,,
1732897904.515624,0,0,0,0,0,21,,,
1732897904.566875,0,0,0,0,0,21,,,
1732897904.6190798,0,0,0,0,0,21,,,
1732897904.671325,0,0,0,0,0,21,,,
1732897904.723551,0,0,0,0,0,21,,,
1732897904.775434,0,0,0,0,0,21,,,
1732897904.827542,0,0,0,0,0,21,,,
1732897904.879637,0,0,0,0,0,21,,,
1732897904.931736,0,0,0,0,0,21,,,
1732897904.983928,0,0,0,0,0,21,,,
1732897905.036119,0,0,0,0,0,21,,,
1732897905.088166,0,0,0,0,0,21,,,
1732897905.140121,0,0,0,0,0,21,,,
1732897905.192359,0,0,0,0,0,21,,,
1732897905.2445781,0,0,0,0,0,21,,,
1732897905.295975,0,0,0,0,0,21,,,
1732897905.348347,0,0,0,0,0,21,,,
1732897905.400756,0,0,0,0,0,21,,,
1732897905.452117,0,0,0,0,0,21,,,
1732897905.504089,0,0,0,0,0,21,,,
1732897905.555695,0,0,0,0,0,21,,,
1732897905.607827,0,0,0,0,0,21,,,
1732897905.659963,0,0,0,0,0,21,,,
1732897905.711937,0,0,0,0,0,21,,,
1732897905.764197,0,0,0,0,0,21,,,
1732897905.816468,0,0,0,0,0,21,,,
1732897905.8686879,0,0,0,0,0,21,,,
1732897905.92088,0,0,0,0,0,21,,,
1732897905.972995,0,0,0,0,0,21,,,
1732897906.025238,0,0,0,0,0,21,,,
1732897906.077397,0,0,0,0,0,21,,,
1732897906.129482,0,0,0,0,0,21,,,
1732897906.181176,0,0,0,0,0,21,,,
1732897906.233301,0,0,0,0,0,21,,,
1732897906.285522,0,0,0,0,0,21,,,
1732897906.337722,0,0,0,0,0,21,,,
1732897906.389947,0,0,0,0,0,21,,,
1732897906.44226,0,0,0,0,0,21,,,
1732897906.494365,0,0,0,0,0,21,,,
1732897906.546628,0,0,0,0,0,21,,,
1732897906.598916,0,0,0,0,0,21,,,
1732897906.65125,0,0,0,0,0,21,,,
1732897906.7034628,0,0,0,0,0,21,,,
1732897906.755605,0,0,0,0,0,21,,,
1732897906.807721,0,0,0,0,0,21,,,
1732897906.860065,0,0,0,0,0,21,,,
1732897906.912277,0,0,0,0,0,21,,,
1732897906.9645498,0,0,0,0,0,21,,,
1732897907.0168269,0,0,0,0,0,21,,,
1732897907.0691571,0,0,0,0,0,21,,,
1732897907.121394,0,0,0,0,0,21,,,
1732897907.173582,0,0,0,0,0,21,,,
1732897907.2255669,0,0,0,0,0,21,,,
1732897907.277807,0,0,0,0,0,21,,,
1732897907.3304691,0,0,0,0,0,21,,,
1732897907.3822742,0,0,0,0,0,21,,,
1732897907.434907,0,0,0,0,0,21,,,
1732897907.487457,0,0,0,0,0,21,,,
1732897907.539832,0,0,0,0,0,21,,,
1732897907.5922172,0,0,0,0,0,21,,,
1732897907.644831,0,0,0,0,0,21,,,
1732897907.6965199,0,0,0,0,0,21,,,
1732897907.748918,0,0,0,0,0,21,,,
1732897907.8015249,0,0,0,0,0,21,,,
1732897907.854233,0,0,0,0,0,21,,,
1732897907.90675,0,0,0,0,0,21,,,
1732897907.959317,0,0,0,0,0,21,,,
1732897908.011013,0,0,0,0,0,21,,,
1732897908.0637498,0,0,0,0,0,21,,,
1732897908.116315,0,0,0,0,0,21,,,
1732897908.168455,0,0,0,0,0,21,,,
1732897908.2212312,0,0,0,0,0,21,,,
1732897908.273721,0,0,0,0,0,21,,,
1732897908.326236,0,0,0,0,0,21,,,
1732897908.378976,0,0,0,0,0,21,,,
1732897908.4316008,0,0,0,0,0,21,,,
1732897908.484389,0,0,0,0,0,21,,,
1732897908.536936,0,0,0,0,0,21,,,
1732897908.588117,0,0,0,0,0,21,,,
1732897908.640378,0,0,0,0,0,21,,,
1732897908.693001,0,0,0,0,0,21,,,
1732897908.745754,0,0,0,0,0,21,,,
1732897908.798306,0,0,0,0,0,21,,,
1732897908.8508868,0,0,0,0,0,21,,,
1732897908.903466,0,0,0,0,0,21,,,
1732897908.9554958,0,0,0,0,0,21,,,
1732897909.0079172,0,0,0,0,0,21,,,
1732897909.0605109,0,0,0,0,0,21,,,
1732897909.112861,0,0,0,0,0,21,,,
1732897909.165568,0,0,0,0,0,21,,,
1732897909.218139,0,0,0,0,0,21,,,
1732897909.270835,0,0,0,0,0,21,,,
1732897909.323669,0,0,0,0,0,21,,,
1732897909.376249,0,0,0,0,0,21,,,
1732897909.428929,0,0,0,0,0,21,,,
1732897909.481514,0,0,0,0,0,21,,,
1732897909.533921,0,0,0,0,0,21,,,
1732897909.586694,0,0,0,0,0,21,,,
1732897909.639322,0,0,0,0,0,21,,,
1732897909.691987,0,0,0,0,0,21,,,
1732897909.744268,0,0,0,0,0,21,,,
1732897909.7957408,0,0,0,0,0,21,,,
1732897909.8481522,0,0,0,0,0,21,,,
1732897909.899937,0,0,0,0,0,21,,,
1732897909.952559,0,0,0,0,0,21,,,
1732897910.0048552,0,0,0,0,0,21,,,
1732897910.057356,0,0,0,0,0,21,,,
1732897910.109751,0,0,0,0,0,21,,,
1732897910.1622841,0,0,0,0,0,21,,,
1732897910.214847,0,0,0,0,0,21,,,
1732897910.267626,0,0,0,0,0,21,,,
1732897910.3202848,0,0,0,0,0,21,,,
1732897910.3730078,0,0,0,0,0,21,,,
1732897910.425749,0,0,0,0,0,21,,,
1732897910.477439,0,0,0,0,0,21,,,
1732897910.529943,0,0,0,0,0,21,,,
1732897910.581749,0,0,0,0,0,21,,,
1732897910.634496,0,0,0,0,0,21,,,
1732897910.687228,0,0,0,0,0,21,,,
1732897910.739904,0,0,0,0,0,21,,,
1732897910.7924259,0,0,0,0,0,21,,,
1732897910.845108,0,0,0,0,0,21,,,
1732897910.897907,0,0,0,0,0,21,,,
1732897910.950729,0,0,0,0,0,21,,,
1732897911.002093,0,0,0,0,0,21,,,
1732897911.054476,0,0,0,0,0,21,,,
1732897911.107195,0,0,0,0,0,21,,,
1732897911.159877,0,0,0,0,0,21,,,
1732897911.211683,0,0,0,0,0,21,,,
1732897911.26413,0,0,0,0,0,21,,,
1732897911.316254,0,0,0,0,0,21,,,
1732897911.368541,0,0,0,0,0,21,,,
1732897911.420942,0,0,0,0,0,21,,,
1732897911.473558,0,0,0,0,0,21,,,
1732897911.5258508,0,0,0,0,0,21,,,
1732897911.578283,0,0,0,0,0,21,,,
1732897911.630826,0,0,0,0,0,21,,,
1732897911.682861,0,0,0,0,0,21,,,
1732897911.735311,0,0,0,0,0,21,,,
1732897911.787549,0,0,0,0,0,21,,,
1732897911.840191,0,0,0,0,0,21,,,
1732897911.8931541,0,0,0,0,0,21,,,
1732897911.945745,0,0,0,0,0,21,,,
1732897911.99824,0,0,0,0,0,21,,,
1732897912.050963,0,0,0,0,0,21,,,
1732897912.1034381,0,0,0,0,0,21,,,
1732897912.1554592,0,0,0,0,0,21,,,
1732897912.208019,0,0,0,0,0,21,,,
1732897912.260551,0,0,0,0,0,21,,,
1732897912.3129559,0,0,0,0,0,21,,,
1732897912.365484,0,0,0,0,0,21,,,
1732897912.417273,0,0,0,0,0,21,,,
1732897912.469857,0,0,0,0,0,21,,,
1732897912.5222452,0,0,0,0,0,21,,,
1732897912.574861,0,0,0,0,0,21,,,
1732897912.6264498,0,0,0,0,0,21,,,
1732897912.679251,0,0,0,0,0,21,,,
1732897912.7315788,0,0,0,0,0,21,,,
1732897912.783663,0,0,0,0,0,21,,,
1732897912.835955,0,0,0,0,0,21,,,
1732897912.888607,0,0,0,0,0,21,,,
1732897912.941291,0,0,0,0,0,21,,,
1732897912.9939232,0,0,0,0,0,21,,,
1732897913.046576,0,0,0,0,0,21,,,
1732897913.0992231,0,0,0,0,0,21,,,
1732897913.151662,0,0,0,0,0,21,,,
1732897913.204134,0,0,0,0,0,21,,,
1732897913.256775,0,0,0,0,0,21,,,
1732897913.309341,0,0,0,0,0,21,,,
1732897913.361803,0,0,0,0,0,21,,,
1732897913.414017,0,0,0,0,0,21,,,
1732897913.466531,0,0,0,0,0,21,,,
1732897913.51908,0,0,0,0,0,21,,,
1732897913.571721,0,0,0,0,0,21,,,
1732897913.6239822,0,0,0,0,0,21,,,
1732897913.676466,0,0,0,0,0,21,,,
1732897913.7291899,0,0,0,0,0,21,,,
1732897913.7818089,0,0,0,0,0,21,,,
1732897913.834013,0,0,0,0,0,21,,,
1732897913.8863308,0,0,0,0,0,21,,,
1732897913.9386728,0,0,0,0,0,21,,,
1732897913.9911811,0,0,0,0,0,21,,,
1732897914.0435011,0,0,0,0,0,21,,,
1732897914.096054,0,0,0,0,0,21,,,
1732897914.148428,0,0,0,0,0,21,,,
1732897914.200653,0,0,0,0,0,21,,,
1732897914.252963,0,0,0,0,0,21,,,
1732897914.305098,0,0,0,0,0,21,,,
1732897914.357461,0,0,0,0,0,21,,,
1732897914.409824,0,0,0,0,0,21,,,
1732897914.462451,0,0,0,0,0,21,,,
1732897914.5150578,0,0,0,0,0,21,,,
1732897914.5675972,0,0,0,0,0,21,,,
1732897914.620739,0,0,0,0,0,21,,,
1732897914.673249,0,0,0,0,0,21,,,
1732897914.72596,0,0,0,0,0,21,,,
1732897914.778593,0,0,0,0,0,21,,,
1732897914.830464,0,0,0,0,0,21,,,
1732897914.883075,0,0,0,0,0,21,,,
1732897914.935499,0,0,0,0,0,21,,,
1732897914.9881191,0,0,0,0,0,21,,,
1732897915.040438,0,0,0,0,0,21,,,
1732897915.092999,0,0,0,0,0,21,,,
1732897915.145303,0,0,0,0,0,21,,,
1732897915.197678,0,0,0,0,0,21,,,
1732897915.249672,0,0,0,0,0,21,,,
1732897915.302305,0,0,0,0,0,21,,,
1732897915.354869,0,0,0,0,0,21,,,
1732897915.407514,0,0,0,0,0,21,,,
1732897915.459931,0,0,0,0,0,21,,,
1732897915.512513,0,0,0,0,0,21,,,
1732897915.565166,0,0,0,0,0,21,,,
1732897915.617923,0,0,0,0,0,21,,,
1732897915.6704938,0,0,0,0,0,21,,,
1732897915.7230809,0,0,0,0,0,21,,,
1732897915.774864,0,0,0,0,0,21,,,
1732897915.827636,0,0,0,0,0,21,,,
1732897915.880127,0,0,0,0,0,21,,,
1732897915.932731,0,0,0,0,0,21,,,
1732897915.985397,0,0,0,0,0,21,,,
1732897916.037787,0,0,0,0,0,21,,,
1732897916.090375,0,0,0,0,0,21,,,
1732897916.142872,0,0,0,0,0,21,,,
1732897916.1954508,0,0,0,0,0,21,,,
1732897916.248103,0,0,0,0,0,21,,,
1732897916.300812,0,0,0,0,0,21,,,
1732897916.3533309,0,0,0,0,0,21,,,
1732897916.406066,0,0,0,0,0,21,,,
1732897916.4586549,0,0,0,0,0,21,,,
1732897916.511433,0,0,0,0,0,21,,,
1732897916.56418,0,0,0,0,0,21,,,
1732897916.6169431,0,0,0,0,0,21,,,
1732897916.6695302,0,0,0,0,0,21,,,
1732897916.72222,0,0,0,0,0,21,,,
1732897916.7746298,0,0,0,0,0,21,,,
1732897916.827343,0,0,0,0,0,21,,,
1732897916.87981,0,0,0,0,0,21,,,
1732897916.9326148,0,0,0,0,0,21,,,
1732897916.985366,0,0,0,0,0,21,,,
1732897917.036984,0,0,0,0,0,21,,,
1732897917.089639,0,0,0,0,0,21,,,
1732897917.141912,0,0,0,0,0,21,,,
1732897917.19458,0,0,0,0,0,21,,,
1732897917.24676,0,0,0,0,0,21,,,
1732897917.2994828,0,0,0,0,0,21,,,
1732897917.352063,0,0,0,0,0,21,,,
1732897917.404619,0,0,0,0,0,21,,,
1732897917.457039,0,0,0,0,0,21,,,
1732897917.509794,0,0,0,0,0,21,,,
1732897917.562467,0,0,0,0,0,21,,,
1732897917.615275,0,0,0,0,0,21,,,
1732897917.6679978,0,0,0,0,0,21,,,
1732897917.720497,0,0,0,0,0,21,,,
1732897917.772991,0,0,0,0,0,21,,,
1732897917.8258188,0,0,0,0,0,21,,,
1732897917.878487,0,0,0,0,0,21,,,
1732897917.931305,0,0,0,0,0,21,,,
1732897917.984256,0,0,0,0,0,21,,,
1732897918.0369332,0,0,0,0,0,21,,,
1732897918.0894458,0,0,0,0,0,21,,,
1732897918.1420329,0,0,0,0,0,21,,,
1732897918.194437,0,0,0,0,0,21,,,
1732897918.246303,0,0,0,0,0,21,,,
1732897918.298597,0,0,0,0,0,21,,,
1732897918.35139,0,0,0,0,0,21,,,
1732897918.404116,0,0,0,0,0,21,,,
1732897918.4565399,0,0,0,0,0,21,,,
1732897918.50932,0,0,0,0,0,21,,,
1732897918.561898,0,0,0,0,0,21,,,
1732897918.6146932,0,0,0,0,0,21,,,
1732897918.666477,0,0,0,0,0,21,,,
1732897918.719279,0,0,0,0,0,21,,,
1732897918.7718358,0,0,0,0,0,21,,,
1732897918.824499,0,0,0,0,0,21,,,
1732897918.877169,0,0,0,0,0,21,,,
1732897918.930133,0,0,0,0,0,21,,,
1732897918.98297,0,0,0,0,0,21,,,
1732897919.035758,0,0,0,0,0,21,,,
1732897919.0882292,0,0,0,0,0,21,,,
1732897919.1409369,0,0,0,0,0,21,,,
1732897919.1932921,0,0,0,0,0,21,,,
1732897919.245996,0,0,0,0,0,21,,,
1732897919.298398,0,0,0,0,0,21,,,
1732897919.3512058,0,0,0,0,0,21,,,
1732897919.403583,0,0,0,0,0,21,,,
1732897919.455006,0,0,0,0,0,21,,,
1732897919.507761,0,0,0,0,0,21,,,
1732897919.560531,0,0,0,0,0,21,,,
1732897919.61345,0,0,0,0,0,21,,,
1732897919.665328,0,0,0,0,0,21,,,
1732897919.718011,0,0,0,0,0,21,,,
1732897919.77064,0,0,0,0,0,21,,,
1732897919.82341,0,0,0,0,0,21,,,
1732897919.87593,0,0,0,0,0,21,,,
1732897919.928135,0,0,0,0,0,21,,,
1732897919.980639,0,0,0,0,0,21,,,
1732897920.033406,0,0,0,0,0,21,,,
1732897920.085711,0,0,0,0,0,21,,,
1732897920.138104,0,0,0,0,0,21,,,
1732897920.1901708,0,0,0,0,0,21,,,
1732897920.242423,0,0,0,0,0,21,,,
1732897920.294183,0,0,0,0,0,21,,,
1732897920.345726,0,0,0,0,0,21,,,
1732897920.397397,0,0,0,0,0,21,,,
1732897920.449619,0,0,0,0,0,21,,,
1732897920.501858,0,0,0,0,0,21,,,
1732897920.553329,0,0,0,0,0,21,,,
1732897920.605597,0,0,0,0,0,21,,,
1732897920.6566558,0,0,0,0,0,21,,,
1732897920.708933,0,0,0,0,0,21,,,
1732897920.7612329,0,0,0,0,0,21,,,
1732897920.8135061,0,0,0,0,0,21,,,
1732897920.8656871,0,0,0,0,0,21,,,
1732897920.918037,0,0,0,0,0,21,,,
1732897920.9703171,0,0,0,0,0,21,,,
1732897921.022677,0,0,0,0,0,21,,,
1732897921.0749419,0,0,0,0,0,21,,,
1732897921.127292,0,0,0,0,0,21,,,
1732897921.179562,0,0,0,0,0,21,,,
1732897921.231911,0,0,0,0,0,21,,,
1732897921.284056,0,0,0,0,0,21,,,
1732897921.336361,0,0,0,0,0,21,,,
1732897921.3886669,0,0,0,0,0,21,,,
1732897921.441031,0,0,0,0,0,21,,,
1732897921.493286,0,0,0,0,0,21,,,
1732897921.545592,0,0,0,0,0,21,,,
1732897921.597853,0,0,0,0,0,21,,,
1732897921.650175,0,0,0,0,0,21,,,
1732897921.702423,0,0,0,0,0,21,,,
1732897921.7546859,0,0,0,0,0,21,,,
1732897921.806499,0,0,0,0,0,21,,,
1732897921.8582442,0,0,0,0,0,21,,,
1732897921.910298,0,0,0,0,0,21,,,
1732897921.962456,0,0,0,0,0,21,,,
1732897922.014306,0,0,0,0,0,21,,,
1732897922.06526,0,0,0,0,0,21,,,
1732897922.117106,0,0,0,0,0,21,,,
1732897922.1688719,0,0,0,0,0,21,,,
1732897922.2209349,0,0,0,0,0,21,,,
1732897922.272964,0,0,0,0,0,21,,,
1732897922.3246121,0,0,0,0,0,21,,,
1732897922.376418,0,0,0,0,0,21,,,
1732897922.428161,0,0,0,0,0,21,,,
1732897922.479965,0,0,0,0,0,21,,,
1732897922.5320692,0,0,0,0,0,21,,,
1732897922.583777,0,0,0,0,0,21,,,
1732897922.635377,0,0,0,0,0,21,,,
1732897922.687066,0,0,0,0,0,21,,,
1732897922.739264,0,0,0,0,0,21,,,
1732897922.791404,0,0,0,0,0,21,,,
1732897922.8435268,0,0,0,0,0,21,,,
1732897922.8951292,0,0,0,0,0,21,,,
1732897922.946968,0,0,0,0,0,21,,,
1732897922.99913,0,0,0,0,0,21,,,
1732897923.051012,0,0,0,0,0,21,,,
1732897923.103533,0,0,0,0,0,21,,,
1732897923.156256,0,0,0,0,0,21,,,
1732897923.209026,0,0,0,0,0,21,,,
1732897923.2619038,0,0,0,0,0,21,,,
1732897923.314358,0,0,0,0,0,21,,,
1732897923.3666859,0,0,0,0,0,21,,,
1732897923.4198809,0,0,0,0,0,21,,,
1732897923.471134,0,0,0,0,0,21,,,
1732897923.5237792,0,0,0,0,0,21,,,
1732897923.575993,0,0,0,0,0,21,,,
1732897923.628782,0,0,0,0,0,21,,,
1732897923.681018,0,0,0,0,0,21,,,
1732897923.7335732,0,0,0,0,0,21,,,
1732897923.785789,0,0,0,0,0,21,,,
1732897923.838063,0,0,0,0,0,21,,,
1732897923.890643,0,0,0,0,0,21,,,
1732897923.9434528,0,0,0,0,0,21,,,
1732897923.996175,0,0,0,0,0,21,,,
1732897924.0495858,0,0,0,0,0,21,,,
1732897924.101681,0,0,0,0,0,21,,,
1732897924.154239,0,0,0,0,0,21,,,
1732897924.206374,0,0,0,0,0,21,,,
1732897924.2584362,0,0,0,0,0,21,,,
1732897924.310526,0,0,0,0,0,21,,,
1732897924.363062,0,0,0,0,0,21,,,
1732897924.415259,0,0,0,0,0,21,,,
1732897924.467752,0,0,0,0,0,21,,,
1732897924.520117,0,0,0,0,0,21,,,
1732897924.571736,0,0,0,0,0,21,,,
1732897924.623855,0,0,0,0,0,21,,,
1732897924.6758342,0,0,0,0,0,21,,,
1732897924.72794,0,0,0,0,0,21,,,
1732897924.780074,0,0,0,0,0,21,,,
1732897924.8325691,0,0,0,0,0,21,,,
1732897924.884484,0,0,0,0,0,21,,,
1732897924.936835,0,0,0,0,0,21,,,
1732897924.989136,0,0,0,0,0,21,,,
1732897925.041654,0,0,0,0,0,21,,,
1732897925.094013,0,0,0,0,0,21,,,
1732897925.146656,0,0,0,0,0,21,,,
1732897925.19926,0,0,0,0,0,21,,,
1732897925.251654,0,0,0,0,0,21,,,
1732897925.303105,0,0,0,0,0,21,,,
1732897925.3549051,0,0,0,0,0,21,,,
1732897925.407358,0,0,0,0,0,21,,,
1732897925.459876,0,0,0,0,0,21,,,
1732897925.512269,0,0,0,0,0,21,,,
1732897925.564862,0,0,0,0,0,21,,,
1732897925.6174579,0,0,0,0,0,21,,,
1732897925.669974,0,0,0,0,0,21,,,
1732897925.722262,0,0,0,0,0,21,,,
1732897925.7748601,0,0,0,0,0,21,,,
1732897925.827399,0,0,0,0,0,21,,,
1732897925.8800142,0,0,0,0,0,21,,,
1732897925.932595,0,0,0,0,0,21,,,
1732897925.9850109,0,0,0,0,0,21,,,
1732897926.037417,0,0,0,0,0,21,,,
1732897926.08902,0,0,0,0,0,21,,,
1732897926.14163,0,0,0,0,0,21,,,
1732897926.194176,0,0,0,0,0,21,,,
1732897926.246444,0,0,0,0,0,21,,,
1732897926.298296,0,0,0,0,0,21,,,
1732897926.350702,0,0,0,0,0,21,,,
1732897926.403305,0,0,0,0,0,21,,,
1732897926.45486,0,0,0,0,0,21,,,
1732897926.507216,0,0,0,0,0,21,,,
1732897926.5598989,0,0,0,0,0,21,,,
1732897926.6124532,0,0,0,0,0,21,,,
1732897926.665032,0,0,0,0,0,21,,,
1732897926.7166011,0,0,0,0,0,21,,,
1732897926.769003,0,0,0,0,0,21,,,
1732897926.821552,0,0,0,0,0,21,,,
1732897926.873984,0,0,0,0,0,21,,,
1732897926.926361,0,0,0,0,0,21,,,
1732897926.9789948,0,0,0,0,0,21,,,
1732897927.031662,0,0,0,0,0,21,,,
1732897927.084289,0,0,0,0,0,21,,,
1732897927.136811,0,0,0,0,0,21,,,
1732897927.188739,0,0,0,0,0,21,,,
1732897927.2406259,0,0,0,0,0,21,,,
1732897927.292597,0,0,0,0,0,21,,,
1732897927.344652,0,0,0,0,0,21,,,
1732897927.396799,0,0,0,0,0,21,,,
1732897927.448937,0,0,0,0,0,21,,,
1732897927.500554,0,0,0,0,0,21,,,
1732897927.552777,0,0,0,0,0,21,,,
1732897927.604407,0,0,0,0,0,21,,,
1732897927.6565042,0,0,0,0,0,21,,,
1732897927.7085671,0,0,0,0,0,21,,,
1732897927.7607942,0,0,0,0,0,21,,,
1732897927.813077,0,0,0,0,0,21,,,
1732897927.865647,0,0,0,0,0,21,,,
1732897927.9179451,0,0,0,0,0,21,,,
1732897927.969901,0,0,0,0,0,21,,,
1732897928.021534,0,0,0,0,0,21,,,
1732897928.073962,0,0,0,0,0,21,,,
1732897928.126278,0,0,0,0,0,21,,,
1732897928.1787982,0,0,0,0,0,21,,,
1732897928.230997,0,0,0,0,0,21,,,
1732897928.282746,0,0,0,0,0,21,,,
1732897928.334527,0,0,0,0,0,21,,,
1732897928.386587,0,0,0,0,0,21,,,
1732897928.4388218,0,0,0,0,0,21,,,
1732897928.491122,0,0,0,0,0,21,,,
1732897928.5432692,0,0,0,0,0,21,,,
1732897928.5958369,0,0,0,0,0,21,,,
1732897928.648434,0,0,0,0,0,21,,,
1732897928.701122,0,0,0,0,0,21,,,
1732897928.7536929,0,0,0,0,0,21,,,
1732897928.806527,0,0,0,0,0,21,,,
1732897928.858998,0,0,0,0,0,21,,,
1732897928.911191,0,0,0,0,0,21,,,
1732897928.963615,0,0,0,0,0,21,,,
1732897929.016022,0,0,0,0,0,21,,,
1732897929.068567,0,0,0,0,0,21,,,
1732897929.120961,0,0,0,0,0,21,,,
1732897929.173366,0,0,0,0,0,21,,,
1732897929.225625,0,0,0,0,0,21,,,
1732897929.278045,0,0,0,0,0,21,,,
1732897929.3298361,0,0,0,0,0,21,,,
1732897929.38214,0,0,0,0,0,21,,,
1732897929.434319,0,0,0,0,0,21,,,
1732897929.486612,0,0,0,0,0,21,,,
1732897929.5388732,0,0,0,0,0,21,,,
1732897929.5913,0,0,0,0,0,21,,,
1732897929.643647,0,0,0,0,0,21,,,
1732897929.696241,0,0,0,0,0,21,,,
1732897929.748812,0,0,0,0,0,21,,,
1732897929.801472,0,0,0,0,0,21,,,
1732897929.853934,0,0,0,0,0,21,,,
1732897929.906623,0,0,0,0,0,21,,,
1732897929.9590552,0,0,0,0,0,21,,,
1732897930.011379,0,0,0,0,0,21,,,
1732897930.063803,0,0,0,0,0,21,,,
1732897930.115525,0,0,0,0,0,21,,,
1732897930.1689658,0,0,0,0,0,21,,,
1732897930.221285,0,0,0,0,0,21,,,
1732897930.2737129,0,0,0,0,0,21,,,
1732897930.32589,0,0,0,0,0,21,,,
1732897930.378429,0,0,0,0,0,21,,,
1732897930.430604,0,0,0,0,0,21,,,
1732897930.483093,0,0,0,0,0,21,,,
1732897930.535541,0,0,0,0,0,21,,,
1732897930.588171,0,0,0,0,0,21,,,
1732897930.640664,0,0,0,0,0,21,,,
1732897930.692223,0,0,0,0,0,21,,,
1732897930.7445812,0,0,0,0,0,21,,,
1732897930.797054,0,0,0,0,0,21,,,
1732897930.849544,0,0,0,0,0,21,,,
1732897930.9019,0,0,0,0,0,21,,,
1732897930.954389,0,0,0,0,0,21,,,
1732897931.0070488,0,0,0,0,0,21,,,
1732897931.0596879,0,0,0,0,0,21,,,
1732897931.112135,0,0,0,0,0,21,,,
1732897931.164581,0,0,0,0,0,21,,,
1732897931.21705,0,0,0,0,0,21,,,
1732897931.269418,0,0,0,0,0,21,,,
1732897931.321307,0,0,0,0,0,21,,,
1732897931.373777,0,0,0,0,0,21,,,
1732897931.426302,0,0,0,0,0,21,,,
1732897931.478587,0,0,0,0,0,21,,,
1732897931.530834,0,0,0,0,0,21,,,
1732897931.583345,0,0,0,0,0,21,,,
1732897931.635304,0,0,0,0,0,21,,,
1732897931.68792,0,0,0,0,0,21,,,
1732897931.740169,0,0,0,0,0,21,,,
1732897931.792643,0,0,0,0,0,21,,,
1732897931.845315,0,0,0,0,0,21,,,
1732897931.897855,0,0,0,0,0,21,,,
1732897931.950239,0,0,0,0,0,21,,,
1732897932.002593,0,0,0,0,0,21,,,
1732897932.054603,0,0,0,0,0,21,,,
1732897932.1072938,0,0,0,0,0,21,,,
1732897932.1598668,0,0,0,0,0,21,,,
1732897932.212193,0,0,0,0,0,21,,,
1732897932.2648692,0,0,0,0,0,21,,,
1732897932.3173811,0,0,0,0,0,21,,,
1732897932.370063,0,0,0,0,0,21,,,
1732897932.422681,0,0,0,0,0,21,,,
1732897932.475019,0,0,0,0,0,21,,,
1732897932.526446,0,0,0,0,0,21,,,
1732897932.5791261,0,0,0,0,0,21,,,
1732897932.631239,0,0,0,0,0,21,,,
1732897932.6836522,0,0,0,0,0,21,,,
1732897932.736081,0,0,0,0,0,21,,,
1732897932.788673,0,0,0,0,0,21,,,
1732897932.841294,0,0,0,0,0,21,,,
1732897932.893858,0,0,0,0,0,21,,,
1732897932.9461372,0,0,0,0,0,21,,,
1732897932.9987998,0,0,0,0,0,21,,,
1732897933.0515032,0,0,0,0,0,21,,,
1732897933.104088,0,0,0,0,0,21,,,
1732897933.15655,0,0,0,0,0,21,,,
1732897933.208462,0,0,0,0,0,21,,,
1732897933.260687,0,0,0,0,0,21,,,
1732897933.3132422,0,0,0,0,0,21,,,
1732897933.365833,0,0,0,0,0,21,,,
1732897933.418253,0,0,0,0,0,21,,,
1732897933.4706628,0,0,0,0,0,21,,,
1732897933.523284,0,0,0,0,0,21,,,
1732897933.576024,0,0,0,0,0,21,,,
1732897933.6283891,0,0,0,0,0,21,,,
1732897933.6809971,0,0,0,0,0,21,,,
1732897933.732686,0,0,0,0,0,21,,,
1732897933.78509,0,0,0,0,0,21,,,
1732897933.836242,0,0,0,0,0,21,,,
1732897933.8889759,0,0,0,0,0,21,,,
1732897933.9415228,0,0,0,0,0,21,,,
1732897933.994184,0,0,0,0,0,21,,,
1732897934.04672,0,0,0,0,0,21,,,
1732897934.0991218,0,0,0,0,0,21,,,
1732897934.1513238,0,0,0,0,0,21,,,
1732897934.203819,0,0,0,0,0,21,,,
1732897934.256408,0,0,0,0,0,21,,,
1732897934.308136,0,0,0,0,0,21,,,
1732897934.3603551,0,0,0,0,0,21,,,
1732897934.412952,0,0,0,0,0,21,,,
1732897934.4651022,0,0,0,0,0,21,,,
1732897934.517628,0,0,0,0,0,21,,,
1732897934.570387,0,0,0,0,0,21,,,
1732897934.623206,0,0,0,0,0,21,,,
1732897934.67545,0,0,0,0,0,21,,,
1732897934.728151,0,0,0,0,0,21,,,
1732897934.7807438,0,0,0,0,0,21,,,
1732897934.833102,0,0,0,0,0,21,,,
1732897934.885845,0,0,0,0,0,21,,,
1732897934.9384692,0,0,0,0,0,21,,,
1732897934.9911869,0,0,0,0,0,21,,,
1732897935.043562,0,0,0,0,0,21,,,
1732897935.096135,0,0,0,0,0,21,,,
1732897935.148451,0,0,0,0,0,21,,,
1732897935.2009091,0,0,0,0,0,21,,,
1732897935.253381,0,0,0,0,0,21,,,
1732897935.3058949,0,0,0,0,0,21,,,
1732897935.3582919,0,0,0,0,0,21,,,
1732897935.410984,0,0,0,0,0,21,,,
1732897935.4634829,0,0,0,0,0,21,,,
1732897935.515939,0,0,0,0,0,21,,,
1732897935.5685592,0,0,0,0,0,21,,,
1732897935.621158,0,0,0,0,0,21,,,
1732897935.67346,0,0,0,0,0,21,,,
1732897935.726178,0,0,0,0,0,21,,,
1732897935.7788632,0,0,0,0,0,21,,,
1732897935.831486,0,0,0,0,0,21,,,
1732897935.884284,0,0,0,0,0,21,,,
1732897935.936785,0,0,0,0,0,21,,,
1732897935.98945,0,0,0,0,0,21,,,
1732897936.041656,0,0,0,0,0,21,,,
1732897936.094294,0,0,0,0,0,21,,,
1732897936.146678,0,0,0,0,0,21,,,
1732897936.1993861,0,0,0,0,0,21,,,
1732897936.251644,0,0,0,0,0,21,,,
1732897936.304357,0,0,0,0,0,21,,,
1732897936.3565629,0,0,0,0,0,21,,,
1732897936.409031,0,0,0,0,0,21,,,
1732897936.460921,0,0,0,0,0,21,,,
1732897936.512416,0,0,0,0,0,21,,,
1732897936.563615,0,0,0,0,0,21,,,
1732897936.615283,0,0,0,0,0,21,,,
1732897936.667491,0,0,0,0,0,21,,,
1732897936.71964,0,0,0,0,0,21,,,
1732897936.7718668,0,0,0,0,0,21,,,
1732897936.8240168,0,0,0,0,0,21,,,
1732897936.8767512,0,0,0,0,0,21,,,
1732897936.9292428,0,0,0,0,0,21,,,
1732897936.9814131,0,0,0,0,0,21,,,
1732897937.033665,0,0,0,0,0,21,,,
1732897937.085888,0,0,0,0,0,21,,,
1732897937.1380758,0,0,0,0,0,21,,,
1732897937.190281,0,0,0,0,0,21,,,
1732897937.2424371,0,0,0,0,0,21,,,
1732897937.294542,0,0,0,0,0,21,,,
1732897937.3467772,0,0,0,0,0,21,,,
1732897937.399025,0,0,0,0,0,21,,,
1732897937.4513228,0,0,0,0,0,21,,,
1732897937.503521,0,0,0,0,0,21,,,
1732897937.5556722,0,0,0,0,0,21,,,
1732897937.608006,0,0,0,0,0,21,,,
1732897937.660297,0,0,0,0,0,21,,,
1732897937.71248,0,0,0,0,0,21,,,
1732897937.7640681,0,0,0,0,0,21,,,
1732897937.816418,0,0,0,0,0,21,,,
1732897937.868705,0,0,0,0,0,21,,,
1732897937.921024,0,0,0,0,0,21,,,
1732897937.973113,0,0,0,0,0,21,,,
1732897938.025292,0,0,0,0,0,21,,,
1732897938.077736,0,0,0,0,0,21,,,
1732897938.130121,0,0,0,0,0,21,,,
1732897938.182288,0,0,0,0,0,21,,,
1732897938.234474,0,0,0,0,0,21,,,
1732897938.286644,0,0,0,0,0,21,,,
1732897938.3388731,0,0,0,0,0,21,,,
1732897938.3911839,0,0,0,0,0,21,,,
1732897938.443445,0,0,0,0,0,21,,,
1732897938.495611,0,0,0,0,0,21,,,
1732897938.547818,0,0,0,0,0,21,,,
1732897938.600124,0,0,0,0,0,21,,,
1732897938.6523871,0,0,0,0,0,21,,,
1732897938.70463,0,0,0,0,0,21,,,
1732897938.7568798,0,0,0,0,0,21,,,
1732897938.808494,0,0,0,0,0,21,,,
1732897938.8607218,0,0,0,0,0,21,,,
1732897938.912215,0,0,0,0,0,21,,,
1732897938.9643378,0,0,0,0,0,21,,,
1732897939.016605,0,0,0,0,0,21,,,
1732897939.0688388,0,0,0,0,0,21,,,
1732897939.121116,0,0,0,0,0,21,,,
1732897939.1727302,0,0,0,0,0,21,,,
1732897939.225009,0,0,0,0,0,21,,,
1732897939.2767549,0,0,0,0,0,21,,,
1732897939.328902,0,0,0,0,0,21,,,
1732897939.380799,0,0,0,0,0,21,,,
1732897939.4327412,0,0,0,0,0,21,,,
1732897939.48468,0,0,0,0,0,21,,,
1732897939.5362828,0,0,0,0,0,21,,,
1732897939.588448,0,0,0,0,0,21,,,
1732897939.640577,0,0,0,0,0,21,,,
1732897939.6917682,0,0,0,0,0,21,,,
1732897939.7440681,0,0,0,0,0,21,,,
1732897939.796824,0,0,0,0,0,21,,,
1732897939.849355,0,0,0,0,0,21,,,
1732897939.9017558,0,0,0,0,0,21,,,
1732897939.9541361,0,0,0,0,0,21,,,
1732897940.0062249,0,0,0,0,0,21,,,
1732897940.0582678,0,0,0,0,0,21,,,
1732897940.1102679,0,0,0,0,0,21,,,
1732897940.161678,0,0,0,0,0,21,,,
1732897940.212843,0,0,0,0,0,21,,,
1732897940.26383,0,0,0,0,0,21,,,
1732897940.315428,0,0,0,0,0,21,,,
1732897940.3669848,0,0,0,0,0,21,,,
1732897940.418696,0,0,0,0,0,21,,,
1732897940.469381,0,0,0,0,0,21,,,
1732897940.521111,0,0,0,0,0,21,,,
1732897940.5729878,0,0,0,0,0,21,,,
1732897940.624984,0,0,0,0,0,21,,,
1732897940.677187,0,0,0,0,0,21,,,
1732897940.729064,0,0,0,0,0,21,,,
1732897940.780981,0,0,0,0,0,21,,,
1732897940.8328152,0,0,0,0,0,21,,,
1732897940.885343,0,0,0,0,0,21,,,
1732897940.937431,0,0,0,0,0,21,,,
1732897940.989564,0,0,0,0,0,21,,,
1732897941.0416,0,0,0,0,0,21,,,
1732897941.09252,0,0,0,0,0,21,,,
1732897941.143934,0,0,0,0,0,21,,,
1732897941.196051,0,0,0,0,0,21,,,
1732897941.248686,0,0,0,0,0,21,,,
1732897941.3010619,0,0,0,0,0,21,,,
1732897941.352349,0,0,0,0,0,21,,,
1732897941.404632,0,0,0,0,0,21,,,
1732897941.4572039,0,0,0,0,0,21,,,
1732897941.509731,0,0,0,0,0,21,,,
1732897941.5622861,0,0,0,0,0,21,,,
1732897941.615108,0,0,0,0,0,21,,,
1732897941.667555,0,0,0,0,0,21,,,
1732897941.7199202,0,0,0,0,0,21,,,
1732897941.7724779,0,0,0,0,0,21,,,
1732897941.825355,0,0,0,0,0,21,,,
1732897941.878072,0,0,0,0,0,21,,,
1732897941.930698,0,0,0,0,0,21,,,
1732897941.9819388,0,0,0,0,0,21,,,
1732897942.034734,0,0,0,0,0,21,,,
1732897942.087275,0,0,0,0,0,21,,,
1732897942.139801,0,0,0,0,0,21,,,
1732897942.192128,0,0,0,0,0,21,,,
1732897942.2473369,0,0,0,0,0,21,,,
1732897942.299999,0,0,0,0,0,21,,,
1732897942.352268,0,0,0,0,0,21,,,
1732897942.4047391,0,0,0,0,0,21,,,
1732897942.4573388,0,0,0,0,0,21,,,
1732897942.5098329,0,0,0,0,0,21,,,
1732897942.562182,0,0,0,0,0,21,,,
1732897942.6148841,0,0,0,0,0,21,,,
1732897942.667263,0,0,0,0,0,21,,,
1732897942.719685,0,0,0,0,0,21,,,
1732897942.7721221,0,0,0,0,0,21,,,
1732897942.8248918,0,0,0,0,0,21,,,
1732897942.877346,0,0,0,0,0,21,,,
1732897942.9296901,0,0,0,0,0,21,,,
1732897942.9821749,0,0,0,0,0,21,,,
1732897943.034847,0,0,0,0,0,21,,,
1732897943.0873952,0,0,0,0,0,21,,,
1732897943.1400378,0,0,0,0,0,21,,,
1732897943.1914291,0,0,0,0,0,21,,,
1732897943.2441971,0,0,0,0,0,21,,,
1732897943.296756,0,0,0,0,0,21,,,
1732897943.349389,0,0,0,0,0,21,,,
1732897943.401901,0,0,0,0,0,21,,,
1732897943.454123,0,0,0,0,0,21,,,
1732897943.506612,0,0,0,0,0,21,,,
1732897943.558678,0,0,0,0,0,21,,,
1732897943.610532,0,0,0,0,0,21,,,
1732897943.663305,0,0,0,0,0,21,,,
1732897943.715988,0,0,0,0,0,21,,,
1732897943.768318,0,0,0,0,0,21,,,
1732897943.8210392,0,0,0,0,0,21,,,
1732897943.873641,0,0,0,0,0,21,,,
1732897943.9264052,0,0,0,0,0,21,,,
1732897943.978896,0,0,0,0,0,21,,,
1732897944.031554,0,0,0,0,0,21,,,
1732897944.0838652,0,0,0,0,0,21,,,
1732897944.1364439,0,0,0,0,0,21,,,
1732897944.189128,0,0,0,0,0,21,,,
1732897944.241753,0,0,0,0,0,21,,,
1732897944.294205,0,0,0,0,0,21,,,
1732897944.346943,0,0,0,0,0,21,,,
1732897944.398682,0,0,0,0,0,21,,,
1732897944.451401,0,0,0,0,0,21,,,
1732897944.5039701,0,0,0,0,0,21,,,
1732897944.555928,0,0,0,0,0,21,,,
1732897944.608534,0,0,0,0,0,21,,,
1732897944.660933,0,0,0,0,0,21,,,
1732897944.713433,0,0,0,0,0,21,,,
1732897944.765919,0,0,0,0,0,21,,,
1732897944.818654,0,0,0,0,0,21,,,
1732897944.871352,0,0,0,0,0,21,,,
1732897944.923275,0,0,0,0,0,21,,,
1732897944.9758809,0,0,0,0,0,21,,,
1732897945.02828,0,0,0,0,0,21,,,
1732897945.08097,0,0,0,0,0,21,,,
1732897945.133675,0,0,0,0,0,21,,,
1732897945.1862662,0,0,0,0,0,21,,,
1732897945.2387872,0,0,0,0,0,21,,,
1732897945.291224,0,0,0,0,0,21,,,
1732897945.343766,0,0,0,0,0,21,,,
1732897945.396443,0,0,0,0,0,21,,,
1732897945.449183,0,0,0,0,0,21,,,
1732897945.501332,0,0,0,0,0,21,,,
1732897945.553746,0,0,0,0,0,21,,,
1732897945.605411,0,0,0,0,0,21,,,
1732897945.658019,0,0,0,0,0,21,,,
1732897945.7103748,0,0,0,0,0,21,,,
1732897945.762557,0,0,0,0,0,21,,,
1732897945.815358,0,0,0,0,0,21,,,
1732897945.868036,0,0,0,0,0,21,,,
1732897945.9207602,0,0,0,0,0,21,,,
1732897945.97339,0,0,0,0,0,21,,,
1732897946.0258172,0,0,0,0,0,21,,,
1732897946.078249,0,0,0,0,0,21,,,
1732897946.13066,0,0,0,0,0,21,,,
1732897946.1832378,0,0,0,0,0,21,,,
1732897946.235837,0,0,0,0,0,21,,,
1732897946.287325,0,0,0,0,0,21,,,
1732897946.339797,0,0,0,0,0,21,,,
1732897946.392666,0,0,0,0,0,21,,,
1732897946.445413,0,0,0,0,0,21,,,
1732897946.498176,0,0,0,0,0,21,,,
1732897946.5509021,0,0,0,0,0,21,,,
1732897946.603411,0,0,0,0,0,21,,,
1732897946.6561449,0,0,0,0,0,21,,,
1732897946.708714,0,0,0,0,0,21,,,
1732897946.761292,0,0,0,0,0,21,,,
1732897946.813215,0,0,0,0,0,21,,,
1732897946.8658261,0,0,0,0,0,21,,,
1732897946.9185479,0,0,0,0,0,21,,,
1732897946.971106,0,0,0,0,0,21,,,
1732897947.023772,0,0,0,0,0,21,,,
1732897947.076086,0,0,0,0,0,21,,,
1732897947.128347,0,0,0,0,0,21,,,
1732897947.180898,0,0,0,0,0,21,,,
1732897947.233535,0,0,0,0,0,21,,,
1732897947.2859771,0,0,0,0,0,21,,,
1732897947.338359,0,0,0,0,0,21,,,
1732897947.391147,0,0,0,0,0,21,,,
1732897947.443578,0,0,0,0,0,21,,,
1732897947.495926,0,0,0,0,0,21,,,
1732897947.548558,0,0,0,0,0,21,,,
1732897947.60116,0,0,0,0,0,21,,,
1732897947.653749,0,0,0,0,0,21,,,
1732897947.705903,0,0,0,0,0,21,,,
1732897947.758336,0,0,0,0,0,21,,,
1732897947.8107772,0,0,0,0,0,21,,,
1732897947.8634381,0,0,0,0,0,21,,,
1732897947.916167,0,0,0,0,0,21,,,
1732897947.9689229,0,0,0,0,0,21,,,
1732897948.0210612,0,0,0,0,0,21,,,
1732897948.073663,0,0,0,0,0,21,,,
1732897948.1260219,0,0,0,0,0,21,,,
1732897948.178367,0,0,0,0,0,21,,,
1732897948.2306821,0,0,0,0,0,21,,,
1732897948.283058,0,0,0,0,0,21,,,
1732897948.335066,0,0,0,0,0,21,,,
1732897948.387319,0,0,0,0,0,21,,,
1732897948.4395,0,0,0,0,0,21,,,
1732897948.491519,0,0,0,0,0,21,,,
1732897948.54455,0,0,0,0,0,21,,,
1732897948.597065,0,0,0,0,0,21,,,
1732897948.649697,0,0,0,0,0,21,,,
1732897948.7020018,0,0,0,0,0,21,,,
1732897948.753838,0,0,0,0,0,21,,,
1732897948.806179,0,0,0,0,0,21,,,
1732897948.858075,0,0,0,0,0,21,,,
1732897948.910486,0,0,0,0,0,21,,,
1732897948.9623868,0,0,0,0,0,21,,,
1732897949.014792,0,0,0,0,0,21,,,
1732897949.066942,0,0,0,0,0,21,,,
1732897949.119209,0,0,0,0,0,21,,,
1732897949.171736,0,0,0,0,0,21,,,
1732897949.223545,0,0,0,0,0,21,,,
1732897949.27501,0,0,0,0,0,21,,,
1732897949.327617,0,0,0,0,0,21,,,
1732897949.380092,0,0,0,0,0,21,,,
1732897949.4320278,0,0,0,0,0,21,,,
1732897949.484333,0,0,0,0,0,21,,,
1732897949.536754,0,0,0,0,0,21,,,
1732897949.589408,0,0,0,0,0,21,,,
1732897949.641951,0,0,0,0,0,21,,,
1732897949.694295,0,0,0,0,0,21,,,
1732897949.746759,0,0,0,0,0,21,,,
1732897949.7989829,0,0,0,0,0,21,,,
1732897949.851678,0,0,0,0,0,21,,,
1732897949.904124,0,0,0,0,0,21,,,
1732897949.956233,0,0,0,0,0,21,,,
1732897950.008506,0,0,0,0,0,21,,,
1732897950.0610602,0,0,0,0,0,21,,,
1732897950.1134138,0,0,0,0,0,21,,,
1732897950.166005,0,0,0,0,0,21,,,
1732897950.218418,0,0,0,0,0,21,,,
1732897950.270138,0,0,0,0,0,21,,,
1732897950.322849,0,0,0,0,0,21,,,
1732897950.374686,0,0,0,0,0,21,,,
1732897950.427121,0,0,0,0,0,21,,,
1732897950.479819,0,0,0,0,0,21,,,
1732897950.532269,0,0,0,0,0,21,,,
1732897950.584844,0,0,0,0,0,21,,,
1732897950.636941,0,0,0,0,0,21,,,
1732897950.689179,0,0,0,0,0,21,,,
1732897950.741298,0,0,0,0,0,21,,,
1732897950.793442,0,0,0,0,0,21,,,
1732897950.845712,0,0,0,0,0,21,,,
1732897950.898422,0,0,0,0,0,21,,,
1732897950.9509602,0,0,0,0,0,21,,,
1732897951.003381,0,0,0,0,0,21,,,
1732897951.056136,0,0,0,0,0,21,,,
1732897951.1087282,0,0,0,0,0,21,,,
1732897951.1614468,0,0,0,0,0,21,,,
1732897951.214108,0,0,0,0,0,21,,,
1732897951.266665,0,0,0,0,0,21,,,
1732897951.318976,0,0,0,0,0,21,,,
1732897951.3715699,0,0,0,0,0,21,,,
1732897951.424015,0,0,0,0,0,21,,,
1732897951.476576,0,0,0,0,0,21,,,
1732897951.528855,0,0,0,0,0,21,,,
1732897951.5806541,0,0,0,0,0,21,,,
1732897951.6326342,0,0,0,0,0,21,,,
1732897951.684361,0,0,0,0,0,21,,,
1732897951.736495,0,0,0,0,0,21,,,
1732897951.7886689,0,0,0,0,0,21,,,
1732897951.840127,0,0,0,0,0,21,,,
1732897951.892243,0,0,0,0,0,21,,,
1732897951.943831,0,0,0,0,0,21,,,
1732897951.995918,0,0,0,0,0,21,,,
1732897952.04802,0,0,0,0,0,21,,,
1732897952.1000981,0,0,0,0,0,21,,,
1732897952.1522748,0,0,0,0,0,21,,,
1732897952.20448,0,0,0,0,0,21,,,
1732897952.256746,0,0,0,0,0,21,,,
1732897952.3090088,0,0,0,0,0,21,,,
1732897952.3611012,0,0,0,0,0,21,,,
1732897952.413322,0,0,0,0,0,21,,,
1732897952.465493,0,0,0,0,0,21,,,
1732897952.517642,0,0,0,0,0,21,,,
1732897952.569746,0,0,0,0,0,21,,,
1732897952.621972,0,0,0,0,0,21,,,
1732897952.6740842,0,0,0,0,0,21,,,
1732897952.725921,0,0,0,0,0,21,,,
1732897952.777395,0,0,0,0,0,21,,,
1732897952.828862,0,0,0,0,0,21,,,
1732897952.880726,0,0,0,0,0,21,,,
1732897952.932962,0,0,0,0,0,21,,,
1732897952.9887,0,0,0,0,0,21,,,
1732897953.040997,0,0,0,0,0,21,,,
1732897953.0938098,0,0,0,0,0,21,,,
1732897953.1464279,0,0,0,0,0,21,,,
1732897953.199122,0,0,0,0,0,21,,,
1732897953.2514,0,0,0,0,0,21,,,
1732897953.304111,0,0,0,0,0,21,,,
1732897953.3566,0,0,0,0,0,21,,,
1732897953.409491,0,0,0,0,0,21,,,
1732897953.46121,0,0,0,0,0,21,,,
1732897953.513568,0,0,0,0,0,21,,,
1732897953.5661309,0,0,0,0,0,21,,,
1732897953.6179562,0,0,0,0,0,21,,,
1732897953.6703749,0,0,0,0,0,21,,,
1732897953.7228212,0,0,0,0,0,21,,,
1732897953.775254,0,0,0,0,0,21,,,
1732897953.827473,0,0,0,0,0,21,,,
1732897953.8800352,0,0,0,0,0,21,,,
1732897953.932451,0,0,0,0,0,21,,,
1732897953.98507,0,0,0,0,0,21,,,
1732897954.037215,0,0,0,0,0,21,,,
1732897954.0897741,0,0,0,0,0,21,,,
1732897954.142236,0,0,0,0,0,21,,,
1732897954.194638,0,0,0,0,0,21,,,
1732897954.247318,0,0,0,0,0,21,,,
1732897954.299928,0,0,0,0,0,21,,,
1732897954.3517609,0,0,0,0,0,21,,,
1732897954.404614,0,0,0,0,0,21,,,
1732897954.456782,0,0,0,0,0,21,,,
1732897954.509411,0,0,0,0,0,21,,,
1732897954.5618439,0,0,0,0,0,21,,,
1732897954.614429,0,0,0,0,0,21,,,
1732897954.666888,0,0,0,0,0,21,,,
1732897954.719661,0,0,0,0,0,21,,,
1732897954.772201,0,0,0,0,0,21,,,
1732897954.824476,0,0,0,0,0,21,,,
1732897954.877165,0,0,0,0,0,21,,,
1732897954.929921,0,0,0,0,0,21,,,
1732897954.982351,0,0,0,0,0,21,,,
1732897955.0351412,0,0,0,0,0,21,,,
1732897955.0877361,0,0,0,0,0,21,,,
1732897955.140306,0,0,0,0,0,21,,,
1732897955.192927,0,0,0,0,0,21,,,
1732897955.245443,0,0,0,0,0,21,,,
1732897955.298205,0,0,0,0,0,21,,,
1732897955.3508868,0,0,0,0,0,21,,,
1732897955.403554,0,0,0,0,0,21,,,
1732897955.45632,0,0,0,0,0,21,,,
1732897955.508905,0,0,0,0,0,21,,,
1732897955.561406,0,0,0,0,0,21,,,
1732897955.6134698,0,0,0,0,0,21,,,
1732897955.6648052,0,0,0,0,0,21,,,
1732897955.717943,0,0,0,0,0,21,,,
1732897955.770507,0,0,0,0,0,21,,,
1732897955.822973,0,0,0,0,0,21,,,
1732897955.8754308,0,0,0,0,0,21,,,
1732897955.928022,0,0,0,0,0,21,,,
1732897955.980458,0,0,0,0,0,21,,,
1732897956.0329258,0,0,0,0,0,21,,,
1732897956.085116,0,0,0,0,0,21,,,
1732897956.137342,0,0,0,0,0,21,,,
1732897956.189824,0,0,0,0,0,21,,,
1732897956.242152,0,0,0,0,0,21,,,
1732897956.294486,0,0,0,0,0,21,,,
1732897956.346894,0,0,0,0,0,21,,,
1732897956.3995311,0,0,0,0,0,21,,,
1732897956.452014,0,0,0,0,0,21,,,
1732897956.504627,0,0,0,0,0,21,,,
1732897956.5569751,0,0,0,0,0,21,,,
1732897956.60931,0,0,0,0,0,21,,,
1732897956.66184,0,0,0,0,0,21,,,
1732897956.7140858,0,0,0,0,0,21,,,
1732897956.766619,0,0,0,0,0,21,,,
1732897956.819125,0,0,0,0,0,21,,,
1732897956.871059,0,0,0,0,0,21,,,
1732897956.9238558,0,0,0,0,0,21,,,
1732897956.9765341,0,0,0,0,0,21,,,
1732897957.029289,0,0,0,0,0,21,,,
1732897957.0818691,0,0,0,0,0,21,,,
1732897957.1344142,0,0,0,0,0,21,,,
1732897957.1869912,0,0,0,0,0,21,,,
1732897957.239764,0,0,0,0,0,21,,,
1732897957.2922618,0,0,0,0,0,21,,,
1732897957.344852,0,0,0,0,0,21,,,
1732897957.3972049,0,0,0,0,0,21,,,
1732897957.4495502,0,0,0,0,0,21,,,
1732897957.501549,0,0,0,0,0,21,,,
1732897957.553492,0,0,0,0,0,21,,,
1732897957.605958,0,0,0,0,0,21,,,
1732897957.65835,0,0,0,0,0,21,,,
1732897957.7108061,0,0,0,0,0,21,,,
1732897957.763123,0,0,0,0,0,21,,,
1732897957.815279,0,0,0,0,0,21,,,
1732897957.8672562,0,0,0,0,0,21,,,
1732897957.919512,0,0,0,0,0,21,,,
1732897957.97207,0,0,0,0,0,21,,,
1732897958.02453,0,0,0,0,0,21,,,
1732897958.076332,0,0,0,0,0,21,,,
1732897958.128793,0,0,0,0,0,21,,,
1732897958.180842,0,0,0,0,0,21,,,
1732897958.233367,0,0,0,0,0,21,,,
1732897958.285734,0,0,0,0,0,21,,,
1732897958.338026,0,0,0,0,0,21,,,
1732897958.390461,0,0,0,0,0,21,,,
1732897958.4429429,0,0,0,0,0,21,,,
1732897958.4952629,0,0,0,0,0,21,,,
1732897958.547491,0,0,0,0,0,21,,,
1732897958.600047,0,0,0,0,0,21,,,
1732897958.652599,0,0,0,0,0,21,,,
1732897958.7049541,0,0,0,0,0,21,,,
1732897958.757258,0,0,0,0,0,21,,,
1732897958.809699,0,0,0,0,0,21,,,
1732897958.862018,0,0,0,0,0,21,,,
1732897958.9133599,0,0,0,0,0,21,,,
1732897958.9654222,0,0,0,0,0,21,,,
1732897959.018008,0,0,0,0,0,21,,,
1732897959.070223,0,0,0,0,0,21,,,
1732897959.1220858,0,0,0,0,0,21,,,
1732897959.174457,0,0,0,0,0,21,,,
1732897959.226851,0,0,0,0,0,21,,,
1732897959.279509,0,0,0,0,0,21,,,
1732897959.3318179,0,0,0,0,0,21,,,
1732897959.384161,0,0,0,0,0,21,,,
1732897959.436657,0,0,0,0,0,21,,,
1732897959.488859,0,0,0,0,0,21,,,
1732897959.541539,0,0,0,0,0,21,,,
1732897959.594103,0,0,0,0,0,21,,,
1732897959.646879,0,0,0,0,0,21,,,
1732897959.698946,0,0,0,0,0,21,,,
1732897959.751688,0,0,0,0,0,21,,,
1732897959.8041961,0,0,0,0,0,21,,,
1732897959.85679,0,0,0,0,0,21,,,
1732897959.909056,0,0,0,0,0,21,,,
1732897959.961649,0,0,0,0,0,21,,,
1732897960.0140579,0,0,0,0,0,21,,,
1732897960.0666099,0,0,0,0,0,21,,,
1732897960.119093,0,0,0,0,0,21,,,
1732897960.171477,0,0,0,0,0,21,,,
1732897960.224023,0,0,0,0,0,21,,,
1732897960.276725,0,0,0,0,0,21,,,
1732897960.329184,0,0,0,0,0,21,,,
1732897960.381921,0,0,0,0,0,21,,,
1732897960.434679,0,0,0,0,0,21,,,
1732897960.4873118,0,0,0,0,0,21,,,
1732897960.539343,0,0,0,0,0,21,,,
1732897960.59158,0,0,0,0,0,21,,,
1732897960.644309,0,0,0,0,0,21,,,
1732897960.696474,0,0,0,0,0,21,,,
1732897960.74896,0,0,0,0,0,21,,,
1732897960.8013241,0,0,0,0,0,21,,,
1732897960.853438,0,0,0,0,0,21,,,
1732897960.906084,0,0,0,0,0,21,,,
1732897960.958497,0,0,0,0,0,21,,,
1732897961.010924,0,0,0,0,0,21,,,
1732897961.063414,0,0,0,0,0,21,,,
1732897961.115985,0,0,0,0,0,21,,,
1732897961.168525,0,0,0,0,0,21,,,
1732897961.2211359,0,0,0,0,0,21,,,
1732897961.273262,0,0,0,0,0,21,,,
1732897961.325719,0,0,0,0,0,21,,,
1732897961.3783622,0,0,0,0,0,21,,,
1732897961.43079,0,0,0,0,0,21,,,
1732897961.483026,0,0,0,0,0,21,,,
1732897961.534623,0,0,0,0,0,21,,,
1732897961.5870988,0,0,0,0,0,21,,,
1732897961.639804,0,0,0,0,0,21,,,
1732897961.692419,0,0,0,0,0,21,,,
1732897961.744997,0,0,0,0,0,21,,,
1732897961.797819,0,0,0,0,0,21,,,
1732897961.850741,0,0,0,0,0,21,,,
1732897961.90306,0,0,0,0,0,21,,,
1732897961.955847,0,0,0,0,0,21,,,
1732897962.007492,0,0,0,0,0,21,,,
1732897962.06018,0,0,0,0,0,21,,,
1732897962.112745,0,0,0,0,0,21,,,
1732897962.165288,0,0,0,0,0,21,,,
1732897962.218027,0,0,0,0,0,21,,,
1732897962.271229,0,0,0,0,0,21,,,
1732897962.323825,0,0,0,0,0,21,,,
1732897962.376348,0,0,0,0,0,21,,,
1732897962.428849,0,0,0,0,0,21,,,
1732897962.481521,0,0,0,0,0,21,,,
1732897962.534016,0,0,0,0,0,21,,,
1732897962.586302,0,0,0,0,0,21,,,
1732897962.6388621,0,0,0,0,0,21,,,
1732897962.6913438,0,0,0,0,0,21,,,
1732897962.7438521,0,0,0,0,0,21,,,
1732897962.796196,0,0,0,0,0,21,,,
1732897962.8489358,0,0,0,0,0,21,,,
1732897962.901692,0,0,0,0,0,21,,,
1732897962.954292,0,0,0,0,0,21,,,
1732897963.006934,0,0,0,0,0,21,,,
1732897963.0596979,0,0,0,0,0,21,,,
1732897963.112139,0,0,0,0,0,21,,,
1732897963.16463,0,0,0,0,0,21,,,
1732897963.217375,0,0,0,0,0,21,,,
1732897963.270004,0,0,0,0,0,21,,,
1732897963.3226502,0,0,0,0,0,21,,,
1732897963.3751428,0,0,0,0,0,21,,,
1732897963.4274209,0,0,0,0,0,21,,,
1732897963.479713,0,0,0,0,0,21,,,
1732897963.532255,0,0,0,0,0,21,,,
1732897963.5849369,0,0,0,0,0,21,,,
1732897963.637512,0,0,0,0,0,21,,,
1732897963.689918,0,0,0,0,0,21,,,
1732897963.742529,0,0,0,0,0,21,,,
1732897963.795136,0,0,0,0,0,21,,,
1732897963.847633,0,0,0,0,0,21,,,
1732897963.900362,0,0,0,0,0,21,,,
1732897963.952829,0,0,0,0,0,21,,,
1732897964.0054321,0,0,0,0,0,21,,,
1732897964.058008,0,0,0,0,0,21,,,
1732897964.110181,0,0,0,0,0,21,,,
1732897964.16297,0,0,0,0,0,21,,,
1732897964.215644,0,0,0,0,0,21,,,
1732897964.268318,0,0,0,0,0,21,,,
1732897964.320883,0,0,0,0,0,21,,,
1732897964.3733609,0,0,0,0,0,21,,,
1732897964.426135,0,0,0,0,0,21,,,
1732897964.478616,0,0,0,0,0,21,,,
1732897964.531175,0,0,0,0,0,21,,,
1732897964.583542,0,0,0,0,0,21,,,
1732897964.636242,0,0,0,0,0,21,,,
1732897964.688819,0,0,0,0,0,21,,,
1732897964.741289,0,0,0,0,0,21,,,
1732897964.793628,0,0,0,0,0,21,,,
1732897964.845855,0,0,0,0,0,21,,,
1732897964.8986611,0,0,0,0,0,21,,,
1732897964.951275,0,0,0,0,0,21,,,
1732897965.00402,0,0,0,0,0,21,,,
1732897965.055709,0,0,0,0,0,21,,,
1732897965.10732,0,0,0,0,0,21,,,
1732897965.159796,0,0,0,0,0,21,,,
1732897965.21211,0,0,0,0,0,21,,,
1732897965.2646961,0,0,0,0,0,21,,,
1732897965.317317,0,0,0,0,0,21,,,
1732897965.369927,0,0,0,0,0,21,,,
1732897965.422428,0,0,0,0,0,21,,,
1732897965.4750562,0,0,0,0,0,21,,,
1732897965.527361,0,0,0,0,0,21,,,
1732897965.579888,0,0,0,0,0,21,,,
1732897965.6315892,0,0,0,0,0,21,,,
1732897965.682886,0,0,0,0,0,21,,,
1732897965.734176,0,0,0,0,0,21,,,
1732897965.7853,0,0,0,0,0,21,,,
1732897965.837161,0,0,0,0,0,21,,,
1732897965.888448,0,0,0,0,0,21,,,
1732897965.9401228,0,0,0,0,0,21,,,
1732897965.992543,0,0,0,0,0,21,,,
1732897966.0436978,0,0,0,0,0,21,,,
1732897966.0953028,0,0,0,0,0,21,,,
1732897966.146842,0,0,0,0,0,21,,,
1732897966.198227,0,0,0,0,0,21,,,
1732897966.250037,0,0,0,0,0,21,,,
1732897966.301606,0,0,0,0,0,21,,,
1732897966.35307,0,0,0,0,0,21,,,
1732897966.404554,0,0,0,0,0,21,,,
1732897966.456071,0,0,0,0,0,21,,,
1732897966.507849,0,0,0,0,0,21,,,
1732897966.560298,0,0,0,0,0,21,,,
1732897966.612715,0,0,0,0,0,21,,,
1732897966.6647239,0,0,0,0,0,21,,,
1732897966.717151,0,0,0,0,0,21,,,
1732897966.7688751,0,0,0,0,0,21,,,
